name,guide_type,guide_review_count,guide_photo_count,rating,rating_date,description,likes,profile_link,review_link
Adi Prasetyo,Local Guide,378,1969,5,setahun lalu,"Salah satu kampus it telkom di daerah strategis Surabaya, tepatnya di daerah Ketintang. Program studi disini juga lumayan lengkap. Fasilitas cukup memadai dan baik. Halamannya cukup luas dan bersih. Sangat recommended untuk belajar disini.",6,https://www.google.com/maps/contrib/103472688785147558501/reviews?hl=id,"https://www.google.com/maps/reviews/@-7.311065,112.729017,17z/data=!3m1!4b1!4m6!14m5!1m4!2m3!1sChZDSUhNMG9nS0VJQ0FnSUNKd1BtQkNREAE!2m1!1s0x0:0x4ceb8bb356c12235?hl=id&entry=ttu"
A.R. Bagas Danang Haditio,Local Guide,78,763,1,6 bulan lalu,"Kangen suasana shalt ied di lapangan Telkom tdk di dalam masjid Telkom ketintang, karena sunahnya shalat di lapangan agar takbir terdengar dgn lantang",2,https://www.google.com/maps/contrib/110809995417901392155/reviews?hl=id,"https://www.google.com/maps/reviews/@-7.311065,112.729017,17z/data=!3m1!4b1!4m6!14m5!1m4!2m3!1sChZDSUhNMG9nS0VJQ0FnSUREOUlUYU1BEAE!2m1!1s0x0:0x4ceb8bb356c12235?hl=id&entry=ttu"
mutmainnah salaminna,Non Local Guide,2,1,5,2 minggu lalu,Murid saya ada yg kuliah disini... Baru aja lulus Oktober 2024 Alhamdulillah semoga segera bisa mengabdi di masyarakat,0,https://www.google.com/maps/contrib/112880635694197045058/reviews?hl=id,"https://www.google.com/maps/reviews/@-7.311065,112.729017,17z/data=!3m1!4b1!4m6!14m5!1m4!2m3!1sChdDSUhNMG9nS0VJQ0FnSURuOXN2Y3FBRRAB!2m1!1s0x0:0x4ceb8bb356c12235?hl=id&entry=ttu"
VividMUA,Non Local Guide,7,,5,2 bulan lalu,"Kampusnya adem, Semoga Telkom University meningkatkan kualitasnya, Semua Jurusan Terakreditasi Unggul Semuanya, btw bangunan bekas ATM itu bisa di bongkar supaya kelihatan wajah Keren Kampus Telkom University ü•∞ ‚Ä¶",1,https://www.google.com/maps/contrib/114013628700700772575/reviews?hl=id,"https://www.google.com/maps/reviews/@-7.311065,112.729017,17z/data=!3m1!4b1!4m6!14m5!1m4!2m3!1sChdDSUhNMG9nS0VJQ0FnSUM3ejlXbnB3RRAB!2m1!1s0x0:0x4ceb8bb356c12235?hl=id&entry=ttu"
Rosyid Abdillah,Local Guide,9,34,5,setahun lalu,"salah satu opsi terbaik untuk studi lanjut dibidang IT. Karena dibawa naungan BUMN terbaik negeri, kedepan tentu akan jadi salah satu perguruan tinggi ternama di Jatim dan Indoensia",5,https://www.google.com/maps/contrib/116378066798139972794/reviews?hl=id,"https://www.google.com/maps/reviews/@-7.311065,112.729017,17z/data=!3m1!4b1!4m6!14m5!1m4!2m3!1sChZDSUhNMG9nS0VJQ0FnSUQtaHZmVFl3EAE!2m1!1s0x0:0x4ceb8bb356c12235?hl=id&entry=ttu"
Nika Yustina,Non Local Guide,2,,5,2 bulan lalu,Mau nyari kos buat anak yg akan kuliah disana..minta recomend kosan cowok yg bagus..yg dekat kampus.,0,https://www.google.com/maps/contrib/117429651495297946800/reviews?hl=id,"https://www.google.com/maps/reviews/@-7.311065,112.729017,17z/data=!3m1!4b1!4m6!14m5!1m4!2m3!1sChZDSUhNMG9nS0VJQ0FnSUM3LU0tMFZREAE!2m1!1s0x0:0x4ceb8bb356c12235?hl=id&entry=ttu"
Titin Widowati,Local Guide,13,23,5,setahun lalu,Berkunjung ke sini pengen jalan jalan aja lihat kampus. Securitynya raaamaaah...,3,https://www.google.com/maps/contrib/110572584907218457449/reviews?hl=id,"https://www.google.com/maps/reviews/@-7.311065,112.729017,17z/data=!3m1!4b1!4m6!14m5!1m4!2m3!1sChdDSUhNMG9nS0VJQ0FnSUN4M282MXRnRRAB!2m1!1s0x0:0x4ceb8bb356c12235?hl=id&entry=ttu"
Imtiaz Sajid Baig,Local Guide,32,42,4,5 bulan lalu,Itu cabang dari telkom university di bandung.  Mereka memiliki program yang mencakup mata pelajaran yang berkaitan dengan industri perangkat lunak dan perangkat keras.  Resepsionis pusat informasi kampus Surabaya harus lebih interaktif ‚Ä¶,3,https://www.google.com/maps/contrib/100423154436467279723/reviews?hl=id,"https://www.google.com/maps/reviews/@-7.311065,112.729017,17z/data=!3m1!4b1!4m6!14m5!1m4!2m3!1sChZDSUhNMG9nS0VJQ0FnSURUalAzdlB3EAE!2m1!1s0x0:0x4ceb8bb356c12235?hl=id&entry=ttu"
Mochamad Erwin Syahbani,Non Local Guide,5,,5,3 minggu lalu,Terima kasih atas keramahannya. Sukses slalu  buat Universitas Telkom Surabaya,0,https://www.google.com/maps/contrib/109313849831273791150/reviews?hl=id,"https://www.google.com/maps/reviews/@-7.311065,112.729017,17z/data=!3m1!4b1!4m6!14m5!1m4!2m3!1sChZDSUhNMG9nS0VJQ0FnSURuaExpb1dnEAE!2m1!1s0x0:0x4ceb8bb356c12235?hl=id&entry=ttu"
firman,Local Guide,259,1194,5,setahun lalu,"Kampusnya bersih dekat dari mana mana, dan ada wifi cornernya.",4,https://www.google.com/maps/contrib/115114348780762714597/reviews?hl=id,"https://www.google.com/maps/reviews/@-7.311065,112.729017,17z/data=!3m1!4b1!4m6!14m5!1m4!2m3!1sChdDSUhNMG9nS0VJQ0FnSUQtbzk3Yl9RRRAB!2m1!1s0x0:0x4ceb8bb356c12235?hl=id&entry=ttu"
zulvia Rachmawati,Non Local Guide,3,,5,5 bulan lalu,"Ka, kalo lulusan di Tel U surabaya gimana ya?Byk ktrima dimana saja? Saya alumni STT telkom yg bandung...",0,https://www.google.com/maps/contrib/103110328363506692527/reviews?hl=id,"https://www.google.com/maps/reviews/@-7.311065,112.729017,17z/data=!3m1!4b1!4m6!14m5!1m4!2m3!1sChZDSUhNMG9nS0VJQ0FnSUNUeVl2WWJREAE!2m1!1s0x0:0x4ceb8bb356c12235?hl=id&entry=ttu"
Darwis Suryantoro,Local Guide,551,2,5,3 bulan lalu,Kampus alternatif biar ga jauh-jauh ke Bandung.,0,https://www.google.com/maps/contrib/106105806420444425528/reviews?hl=id,"https://www.google.com/maps/reviews/@-7.311065,112.729017,17z/data=!3m1!4b1!4m6!14m5!1m4!2m3!1sChdDSUhNMG9nS0VJQ0FnSUNiLUx1Zm1nRRAB!2m1!1s0x0:0x4ceb8bb356c12235?hl=id&entry=ttu"
Faqrul Rohman,Non Local Guide,1,1,5,setahun lalu,"Ruangan belajar bersih dan nyaman, belajar menjadi semakin fokus",1,https://www.google.com/maps/contrib/103287421291188669904/reviews?hl=id,"https://www.google.com/maps/reviews/@-7.311065,112.729017,17z/data=!3m1!4b1!4m6!14m5!1m4!2m3!1sChZDSUhNMG9nS0VJQ0FnSUNwb0tiZ0xBEAE!2m1!1s0x0:0x4ceb8bb356c12235?hl=id&entry=ttu"
Nizar Cheetah,Local Guide,42,130,5,2 tahun lalu,"Suka bangeeett sih kalo ke sini, udaranya segar bangeeett üíô ‚Ä¶",6,https://www.google.com/maps/contrib/110466635995580571137/reviews?hl=id,"https://www.google.com/maps/reviews/@-7.311065,112.729017,17z/data=!3m1!4b1!4m6!14m5!1m4!2m3!1sChdDSUhNMG9nS0VJQ0FnSUQyOTUyYmpnRRAB!2m1!1s0x0:0x4ceb8bb356c12235?hl=id&entry=ttu"
Febryanto Kohar,Local Guide,88,22,5,2 bulan lalu,Kampus swasta terbaik No. 1 di Indonesia,0,https://www.google.com/maps/contrib/111300245996254891702/reviews?hl=id,"https://www.google.com/maps/reviews/@-7.311065,112.729017,17z/data=!3m1!4b1!4m6!14m5!1m4!2m3!1sChZDSUhNMG9nS0VJQ0FnSUNiZ2V1TVV3EAE!2m1!1s0x0:0x4ceb8bb356c12235?hl=id&entry=ttu"
Haneef Nouval,Local Guide,421,1860,5,5 bulan lalu,Numpang lewat,3,https://www.google.com/maps/contrib/100724958776843454488/reviews?hl=id,"https://www.google.com/maps/reviews/@-7.311065,112.729017,17z/data=!3m1!4b1!4m6!14m5!1m4!2m3!1sChdDSUhNMG9nS0VJQ0FnSURUdXVLdHhnRRAB!2m1!1s0x0:0x4ceb8bb356c12235?hl=id&entry=ttu"
Daffa Afrizal,Local Guide,53,25,5,6 bulan lalu,Salah satu universitas negeri yang tidak kalah bagus dengan universitas Negeri lainnya,1,https://www.google.com/maps/contrib/103248540802985837424/reviews?hl=id,"https://www.google.com/maps/reviews/@-7.311065,112.729017,17z/data=!3m1!4b1!4m6!14m5!1m4!2m3!1sChZDSUhNMG9nS0VJQ0FnSUREeDc2N0RBEAE!2m1!1s0x0:0x4ceb8bb356c12235?hl=id&entry=ttu"
Ipoeng Anam,Local Guide,541,203,5,2 tahun lalu,Pencetak generasi siap kerja.. recommended üëçüëçüëç ‚Ä¶,5,https://www.google.com/maps/contrib/107093866208343571338/reviews?hl=id,"https://www.google.com/maps/reviews/@-7.311065,112.729017,17z/data=!3m1!4b1!4m6!14m5!1m4!2m3!1sChdDSUhNMG9nS0VJQ0FnSUQybXF2NDlnRRAB!2m1!1s0x0:0x4ceb8bb356c12235?hl=id&entry=ttu"
Arda Erico Yuda,Local Guide,17,1,5,9 bulan lalu,"Pengalaman belajar disini sangat menyenangkan, pendidikan yang bagus, kampus yang bagus. Sukses terus Telkom University Surabaya üôå ‚Ä¶",4,https://www.google.com/maps/contrib/101202826206442055427/reviews?hl=id,"https://www.google.com/maps/reviews/@-7.311065,112.729017,17z/data=!3m1!4b1!4m6!14m5!1m4!2m3!1sChZDSUhNMG9nS0VJQ0FnSUNOMFAyMk1BEAE!2m1!1s0x0:0x4ceb8bb356c12235?hl=id&entry=ttu"
Jengala Semesta,Non Local Guide,1,,5,setahun lalu,"Saya lihat kampus ini keren & bersih. Jurusan Teknologi disini juga bagus2 dan milenial banget. Setau saya, ada jurusan Bisnis Digital, Teknologi Informasi, Sistem Informasi, Informatika, Sains Data,
Telekomunikasi, dll..",0,https://www.google.com/maps/contrib/109574340387055439233/reviews?hl=id,"https://www.google.com/maps/reviews/@-7.311065,112.729017,17z/data=!3m1!4b1!4m6!14m5!1m4!2m3!1sChZDSUhNMG9nS0VJQ0FnSUR4c3JEQWJnEAE!2m1!1s0x0:0x4ceb8bb356c12235?hl=id&entry=ttu"
Anggun Novita,Non Local Guide,2,,5,2 tahun lalu,"Saya lihat kampus ini keren & bersih. Jurusan Teknologi disini juga bagus2 dan milenial banget. Setau saya, ada jurusan Bisnis Digital, Teknologi Informasi, Sistem Informasi, Informatika, Sains Data, ‚Ä¶",5,https://www.google.com/maps/contrib/110105413300750998072/reviews?hl=id,"https://www.google.com/maps/reviews/@-7.311065,112.729017,17z/data=!3m1!4b1!4m6!14m5!1m4!2m3!1sChZDSUhNMG9nS0VJQ0FnSUN1OWNXdldnEAE!2m1!1s0x0:0x4ceb8bb356c12235?hl=id&entry=ttu"
Widi Atmoko,Local Guide,16,2,5,setahun lalu,"Ijin bapak/ibu admin di STT Telkom, mohon kiranya uang yang sudah masuk ke STT Telkom untuk segera dibayarkan kembali, karena anak saya masuk di PTN, terima kasih üëçüëç, sekali lagi terima kasih bapak/ibu uang sudah kami terima, semoga STT Telkom terus berkembang dan menjadi Universitas Telkom Surabaya ‚Ä¶",2,https://www.google.com/maps/contrib/109912634840644607291/reviews?hl=id,"https://www.google.com/maps/reviews/@-7.311065,112.729017,17z/data=!3m1!4b1!4m6!14m5!1m4!2m3!1sChdDSUhNMG9nS0VJQ0FnSUNKcks2ZG13RRAB!2m1!1s0x0:0x4ceb8bb356c12235?hl=id&entry=ttu"
arifin fikah,Non Local Guide,4,,5,seminggu lalu,Semua bagus,0,https://www.google.com/maps/contrib/108725425131297851619/reviews?hl=id,"https://www.google.com/maps/reviews/@-7.311065,112.729017,17z/data=!3m1!4b1!4m6!14m5!1m4!2m3!1sChZDSUhNMG9nS0VJQ0FnSUNYbHFHMlJREAE!2m1!1s0x0:0x4ceb8bb356c12235?hl=id&entry=ttu"
Darmanto,Local Guide,241,498,4,setahun lalu,"lokasi d depan kampus unesa ketintang, jalur padat dan ramai, dekat fasilitas umum. karena hanya lihat dr luar jd hanya ini yg bs sy share.",2,https://www.google.com/maps/contrib/108193678670720612151/reviews?hl=id,"https://www.google.com/maps/reviews/@-7.311065,112.729017,17z/data=!3m1!4b1!4m6!14m5!1m4!2m3!1sChdDSUhNMG9nS0VJQ0FnSURCbnZxaC1RRRAB!2m1!1s0x0:0x4ceb8bb356c12235?hl=id&entry=ttu"
Phie,Local Guide,5,3,5,8 bulan lalu,Lembaga pendidikan private (swasta) terbaik yang hadir di Surabaya,0,https://www.google.com/maps/contrib/107192745121395484086/reviews?hl=id,"https://www.google.com/maps/reviews/@-7.311065,112.729017,17z/data=!3m1!4b1!4m6!14m5!1m4!2m3!1sChdDSUhNMG9nS0VJQ0FnSUN0NVlDaHRRRRAB!2m1!1s0x0:0x4ceb8bb356c12235?hl=id&entry=ttu"
aji waluyo,Local Guide,16,20,5,3 tahun lalu,Tempat yang bagus rindang banyak pohonnya masjidnya jgbesar,4,https://www.google.com/maps/contrib/110142175576150801551/reviews?hl=id,"https://www.google.com/maps/reviews/@-7.311065,112.729017,17z/data=!3m1!4b1!4m6!14m5!1m4!2m3!1sChdDSUhNMG9nS0VJQ0FnSUNLalotOTh3RRAB!2m1!1s0x0:0x4ceb8bb356c12235?hl=id&entry=ttu"
Anis Imanianita,Local Guide,194,273,5,setahun lalu,"Institut Teknologi Telkom Surabaya merupakan kampus dengan fasilitas yang lengkap, suasana kampus yang mendukung untuk proses pembelajaran, dan memiliki lingkungan sekitar yang nyaman untuk tempat perkuliahan.",0,https://www.google.com/maps/contrib/103661887077245206988/reviews?hl=id,"https://www.google.com/maps/reviews/@-7.311065,112.729017,17z/data=!3m1!4b1!4m6!14m5!1m4!2m3!1sChdDSUhNMG9nS0VJQ0FnSUNwb01XRl9nRRAB!2m1!1s0x0:0x4ceb8bb356c12235?hl=id&entry=ttu"
Hanifah Friska,Non Local Guide,5,3,5,setahun lalu,kampusnya gede. ambience nya nyaman buat belajar atau sekedar nongkrong di kantinnya,0,https://www.google.com/maps/contrib/118338723495265579369/reviews?hl=id,"https://www.google.com/maps/reviews/@-7.311065,112.729017,17z/data=!3m1!4b1!4m6!14m5!1m4!2m3!1sChdDSUhNMG9nS0VJQ0FnSUNwb05MNnRBRRAB!2m1!1s0x0:0x4ceb8bb356c12235?hl=id&entry=ttu"
Fendi Nurul,Local Guide,16,23,5,setahun lalu,"Gedung kampusnya luas banget, suasanya nyaman, aman, dan asri, fasilitas lumayan lengkap.",1,https://www.google.com/maps/contrib/101404489980800721384/reviews?hl=id,"https://www.google.com/maps/reviews/@-7.311065,112.729017,17z/data=!3m1!4b1!4m6!14m5!1m4!2m3!1sChZDSUhNMG9nS0VJQ0FnSUR4NXFyQlJ3EAE!2m1!1s0x0:0x4ceb8bb356c12235?hl=id&entry=ttu"
Rachael Natasya,Non Local Guide,2,1,5,setahun lalu,Kampus nya luar biasa! gedung nya keren-keren dan luas. bakalan semangat buat kuliah!,0,https://www.google.com/maps/contrib/109773061235297126797/reviews?hl=id,"https://www.google.com/maps/reviews/@-7.311065,112.729017,17z/data=!3m1!4b1!4m6!14m5!1m4!2m3!1sChdDSUhNMG9nS0VJQ0FnSUR4OHFDLTh3RRAB!2m1!1s0x0:0x4ceb8bb356c12235?hl=id&entry=ttu"
Aprillio Pangestu,Local Guide,10,2,5,setahun lalu,"Kampus bagus untuk masa depan generasi bangsa, fasilitasnya yang lengkap didukung suasana dan lingkungan kampus yang nyaman, terbaik kampus IT Telkom",0,https://www.google.com/maps/contrib/102097283116683168870/reviews?hl=id,"https://www.google.com/maps/reviews/@-7.311065,112.729017,17z/data=!3m1!4b1!4m6!14m5!1m4!2m3!1sChZDSUhNMG9nS0VJQ0FnSUR4c3BEdmRnEAE!2m1!1s0x0:0x4ceb8bb356c12235?hl=id&entry=ttu"
Solikin Solikin,Non Local Guide,2,,5,setahun lalu,"Kampus idaman nih yang mau lanjut di bidang it,kampusnya juga luas dan bagus..",2,https://www.google.com/maps/contrib/115083723534859946502/reviews?hl=id,"https://www.google.com/maps/reviews/@-7.311065,112.729017,17z/data=!3m1!4b1!4m6!14m5!1m4!2m3!1sChdDSUhNMG9nS0VJQ0FnSUR4anZQT3RRRRAB!2m1!1s0x0:0x4ceb8bb356c12235?hl=id&entry=ttu"
Maz Rifan Coy,Non Local Guide,6,,5,setahun lalu,Salah satu kampus terbaik di Surabaya khususnya di bidang IT dan bakal jadi kampus favorit di indonesia,0,https://www.google.com/maps/contrib/103115355250217234762/reviews?hl=id,"https://www.google.com/maps/reviews/@-7.311065,112.729017,17z/data=!3m1!4b1!4m6!14m5!1m4!2m3!1sChZDSUhNMG9nS0VJQ0FnSUR4c3NUb0dBEAE!2m1!1s0x0:0x4ceb8bb356c12235?hl=id&entry=ttu"
Sat Zam,Non Local Guide,1,,5,setahun lalu,"Saya sudah 13 thn gak pernah ke divre 5 baru kali ini,tempatnnya banyak perubahan..........",0,https://www.google.com/maps/contrib/107085224486223989020/reviews?hl=id,"https://www.google.com/maps/reviews/@-7.311065,112.729017,17z/data=!3m1!4b1!4m6!14m5!1m4!2m3!1sChdDSUhNMG9nS0VJQ0FnSURCenBDUHN3RRAB!2m1!1s0x0:0x4ceb8bb356c12235?hl=id&entry=ttu"
RAB CO,Local Guide,9,6,5,setahun lalu,Bisa jadi opsi untuk adik2 yang ingin melanjutkan kuliah di bidang teknologi informasi komunikasi,0,https://www.google.com/maps/contrib/109412203338797122532/reviews?hl=id,"https://www.google.com/maps/reviews/@-7.311065,112.729017,17z/data=!3m1!4b1!4m6!14m5!1m4!2m3!1sChZDSUhNMG9nS0VJQ0FnSUR4OHVDdlNBEAE!2m1!1s0x0:0x4ceb8bb356c12235?hl=id&entry=ttu"
Asha Dyah,Local Guide,23,9,5,setahun lalu,"Kampus IT terrrrekomended di jawa timur.
Gak nyesel deh pilih kampus disini, tempatnya juga bagus",0,https://www.google.com/maps/contrib/109646805510013272953/reviews?hl=id,"https://www.google.com/maps/reviews/@-7.311065,112.729017,17z/data=!3m1!4b1!4m6!14m5!1m4!2m3!1sChZDSUhNMG9nS0VJQ0FnSUR4OHM3dWJ3EAE!2m1!1s0x0:0x4ceb8bb356c12235?hl=id&entry=ttu"
Nur Faizah,Non Local Guide,6,23,5,9 bulan lalu,"sekarang menjadi Telkom University Surabaya, lhoo!!ü§©‚ú® ‚Ä¶",6,https://www.google.com/maps/contrib/115405759734603174568/reviews?hl=id,"https://www.google.com/maps/reviews/@-7.311065,112.729017,17z/data=!3m1!4b1!4m6!14m5!1m4!2m3!1sChdDSUhNMG9nS0VJQ0FnSUNOd3BPTHJnRRAB!2m1!1s0x0:0x4ceb8bb356c12235?hl=id&entry=ttu"
Anandafebby Febby,Non Local Guide,5,,5,setahun lalu,sekolahnya bagus fasilitas lengkap dan terjamin kualitas sekolah tersebut,1,https://www.google.com/maps/contrib/104354324006301511872/reviews?hl=id,"https://www.google.com/maps/reviews/@-7.311065,112.729017,17z/data=!3m1!4b1!4m6!14m5!1m4!2m3!1sChdDSUhNMG9nS0VJQ0FnSUR4OHJidnRRRRAB!2m1!1s0x0:0x4ceb8bb356c12235?hl=id&entry=ttu"
Wak Guz,Local Guide,499,248,5,8 bulan lalu,Tempat mangkal,0,https://www.google.com/maps/contrib/111962014410841778102/reviews?hl=id,"https://www.google.com/maps/reviews/@-7.311065,112.729017,17z/data=!3m1!4b1!4m6!14m5!1m4!2m3!1sChZDSUhNMG9nS0VJQ0FnSURkX292TmZBEAE!2m1!1s0x0:0x4ceb8bb356c12235?hl=id&entry=ttu"
Difa Sagita N.P,Non Local Guide,1,,5,3 tahun lalu,campus swasta baru berdiri tapi kualitasnya top banyak ilmu yang di dapatüëç‚ù§Ô∏è ‚Ä¶,6,https://www.google.com/maps/contrib/106692670515281513064/reviews?hl=id,"https://www.google.com/maps/reviews/@-7.311065,112.729017,17z/data=!3m1!4b1!4m6!14m5!1m4!2m3!1sChZDSUhNMG9nS0VJQ0FnSUN5c2I3NGRREAE!2m1!1s0x0:0x4ceb8bb356c12235?hl=id&entry=ttu"
M agus panji saka,Non Local Guide,6,8,5,8 bulan lalu,Jurusan cyber security ada gak ya ?,1,https://www.google.com/maps/contrib/117095364720158061831/reviews?hl=id,"https://www.google.com/maps/reviews/@-7.311065,112.729017,17z/data=!3m1!4b1!4m6!14m5!1m4!2m3!1sChZDSUhNMG9nS0VJQ0FnSUR0eloyclJnEAE!2m1!1s0x0:0x4ceb8bb356c12235?hl=id&entry=ttu"
Ricky Strikie gmail,Non Local Guide,4,,5,setahun lalu,"Institut teknologi Telkomsel Memang Luar Biasa, Tempat yang Luas Bersih Indah",1,https://www.google.com/maps/contrib/103944393185596920975/reviews?hl=id,"https://www.google.com/maps/reviews/@-7.311065,112.729017,17z/data=!3m1!4b1!4m6!14m5!1m4!2m3!1sChZDSUhNMG9nS0VJQ0FnSUNwa3JiSmN3EAE!2m1!1s0x0:0x4ceb8bb356c12235?hl=id&entry=ttu"
Taufik Hayade,Non Local Guide,227,,4,2 tahun lalu,gedung nya GEDE BANGET.... security mas RIVAI.... ramah.... orang bondowoso.......,0,https://www.google.com/maps/contrib/111270010868304718288/reviews?hl=id,"https://www.google.com/maps/reviews/@-7.311065,112.729017,17z/data=!3m1!4b1!4m6!14m5!1m4!2m3!1sChdDSUhNMG9nS0VJQ0FnSUR1a2VQSTFBRRAB!2m1!1s0x0:0x4ceb8bb356c12235?hl=id&entry=ttu"
Ivan Nisyar,Local Guide,209,520,5,4 tahun lalu,Kampus kekinian dg Dosen2 muda yg menguasai IT uptodate. Semoga menjadi kampus unggulan seperti kampus dan sekolah yg dibawah Telkom Indonesia.,7,https://www.google.com/maps/contrib/115337247560439592457/reviews?hl=id,"https://www.google.com/maps/reviews/@-7.311065,112.729017,17z/data=!3m1!4b1!4m6!14m5!1m4!2m3!1sChZDSUhNMG9nS0VJQ0FnSUNjdDUyTmJBEAE!2m1!1s0x0:0x4ceb8bb356c12235?hl=id&entry=ttu"
imam wahyudi,Non Local Guide,1,,5,setahun lalu,"Institut Teknologi Telkom Surabaya good, fasilitas oke, pelayanan oke, akses juga mudah, mantul pokoknya.",0,https://www.google.com/maps/contrib/114286462199409497264/reviews?hl=id,"https://www.google.com/maps/reviews/@-7.311065,112.729017,17z/data=!3m1!4b1!4m6!14m5!1m4!2m3!1sChdDSUhNMG9nS0VJQ0FnSUR4NXVhNDVBRRAB!2m1!1s0x0:0x4ceb8bb356c12235?hl=id&entry=ttu"
Achmad Fadilah,Local Guide,194,62,4,2 tahun lalu,"Terus berbenah, terus berkembang, berbuah dan berbarokah untuk bangsa & negara",1,https://www.google.com/maps/contrib/100602133522779753085/reviews?hl=id,"https://www.google.com/maps/reviews/@-7.311065,112.729017,17z/data=!3m1!4b1!4m6!14m5!1m4!2m3!1sChZDSUhNMG9nS0VJQ0FnSURlZzluRUh3EAE!2m1!1s0x0:0x4ceb8bb356c12235?hl=id&entry=ttu"
Nurul H,Local Guide,620,11098,5,3 tahun lalu,Oke üëçüèª ‚Ä¶,4,https://www.google.com/maps/contrib/103579256531643543209/reviews?hl=id,"https://www.google.com/maps/reviews/@-7.311065,112.729017,17z/data=!3m1!4b1!4m6!14m5!1m4!2m3!1sChdDSUhNMG9nS0VJQ0FnSUR5eFoteDJBRRAB!2m1!1s0x0:0x4ceb8bb356c12235?hl=id&entry=ttu"
muhammad dzulfikar,Local Guide,18,22,5,3 tahun lalu,Kampusnya mantab,3,https://www.google.com/maps/contrib/110978922800917886130/reviews?hl=id,"https://www.google.com/maps/reviews/@-7.311065,112.729017,17z/data=!3m1!4b1!4m6!14m5!1m4!2m3!1sChdDSUhNMG9nS0VJQ0FnSUNLaDhubHhnRRAB!2m1!1s0x0:0x4ceb8bb356c12235?hl=id&entry=ttu"
Wafiqoh Dwi Oktaviana Putri,Non Local Guide,3,1,5,2 tahun lalu,kampus yg sangat keren memiliki fasilitas yang lengkap,3,https://www.google.com/maps/contrib/111870000598257454279/reviews?hl=id,"https://www.google.com/maps/reviews/@-7.311065,112.729017,17z/data=!3m1!4b1!4m6!14m5!1m4!2m3!1sChZDSUhNMG9nS0VJQ0FnSURXMkxDM09BEAE!2m1!1s0x0:0x4ceb8bb356c12235?hl=id&entry=ttu"
Ahmad Askhabul Kahfi,Local Guide,46,34,5,2 tahun lalu,Kampus yang asyik dengan masa depan yang menjanjikan,1,https://www.google.com/maps/contrib/116804895886524627588/reviews?hl=id,"https://www.google.com/maps/reviews/@-7.311065,112.729017,17z/data=!3m1!4b1!4m6!14m5!1m4!2m3!1sChZDSUhNMG9nS0VJQ0FnSURlNzdXMU5nEAE!2m1!1s0x0:0x4ceb8bb356c12235?hl=id&entry=ttu"
Lamser J Simanullang,Local Guide,33,10,5,3 tahun lalu,"Halaman parkirnya sangat luas
Staff Securtynya  ramah-ramah",1,https://www.google.com/maps/contrib/106573670898495506902/reviews?hl=id,"https://www.google.com/maps/reviews/@-7.311065,112.729017,17z/data=!3m1!4b1!4m6!14m5!1m4!2m3!1sChdDSUhNMG9nS0VJQ0FnSURxdk9hMnZRRRAB!2m1!1s0x0:0x4ceb8bb356c12235?hl=id&entry=ttu"
Neng chipa,Local Guide,3,16,5,setahun lalu,google maps terimakasih kakak.sangat membantu usaha kami,1,https://www.google.com/maps/contrib/115542045986923189763/reviews?hl=id,"https://www.google.com/maps/reviews/@-7.311065,112.729017,17z/data=!3m1!4b1!4m6!14m5!1m4!2m3!1sChZDSUhNMG9nS0VJQ0FnSUQtMXZXSGZnEAE!2m1!1s0x0:0x4ceb8bb356c12235?hl=id&entry=ttu"
Nur Ghaniaviyanto Ramadhan,Local Guide,86,4,5,2 tahun lalu,Kampus swasta milik yayasan pendidikan telkom. Area nya ramai,0,https://www.google.com/maps/contrib/109989280407917065630/reviews?hl=id,"https://www.google.com/maps/reviews/@-7.311065,112.729017,17z/data=!3m1!4b1!4m6!14m5!1m4!2m3!1sChZDSUhNMG9nS0VJQ0FnSURHem82T0R3EAE!2m1!1s0x0:0x4ceb8bb356c12235?hl=id&entry=ttu"
M Iqbal Hafidz,Non Local Guide,2,,5,4 tahun lalu,Kampus swasta baru terbaik yang pernah saya lihat,4,https://www.google.com/maps/contrib/116172647958122001278/reviews?hl=id,"https://www.google.com/maps/reviews/@-7.311065,112.729017,17z/data=!3m1!4b1!4m6!14m5!1m4!2m3!1sChdDSUhNMG9nS0VJQ0FnSURjN2M2d3ZRRRAB!2m1!1s0x0:0x4ceb8bb356c12235?hl=id&entry=ttu"
agustian hermansyah,Local Guide,379,141,4,2 tahun lalu,"Lingkungan bersih, enak buat belajar",2,https://www.google.com/maps/contrib/103136258464676082446/reviews?hl=id,"https://www.google.com/maps/reviews/@-7.311065,112.729017,17z/data=!3m1!4b1!4m6!14m5!1m4!2m3!1sChdDSUhNMG9nS0VJQ0FnSURHMGZua3dBRRAB!2m1!1s0x0:0x4ceb8bb356c12235?hl=id&entry=ttu"
Beni Giri,Local Guide,18,6,5,5 tahun lalu,"Jatim makin mantaps, dulu ada ITS sekarang ada ITTS joss",4,https://www.google.com/maps/contrib/105971908984069449249/reviews?hl=id,"https://www.google.com/maps/reviews/@-7.311065,112.729017,17z/data=!3m1!4b1!4m6!14m5!1m4!2m3!1sChZDSUhNMG9nS0VJQ0FnSURJaXFMNkpBEAE!2m1!1s0x0:0x4ceb8bb356c12235?hl=id&entry=ttu"
bambang budiyono,Non Local Guide,5,7,5,2 tahun lalu,Mencari informasi tentang penerimaan mahasiswa baru,0,https://www.google.com/maps/contrib/108184638777008886063/reviews?hl=id,"https://www.google.com/maps/reviews/@-7.311065,112.729017,17z/data=!3m1!4b1!4m6!14m5!1m4!2m3!1sChZDSUhNMG9nS0VJQ0FnSURPdHJ1TVlBEAE!2m1!1s0x0:0x4ceb8bb356c12235?hl=id&entry=ttu"
DS_Fathur Rohman,Local Guide,43,88,5,3 tahun lalu,"Koneksi wifi lancar, parkiran luas, penjaga ramah",2,https://www.google.com/maps/contrib/106969761045330003760/reviews?hl=id,"https://www.google.com/maps/reviews/@-7.311065,112.729017,17z/data=!3m1!4b1!4m6!14m5!1m4!2m3!1sChZDSUhNMG9nS0VJQ0FnSUNxMk1yYkJ3EAE!2m1!1s0x0:0x4ceb8bb356c12235?hl=id&entry=ttu"
Ari Joe,Local Guide,78,59,5,2 tahun lalu,"Puji Tuhan, anak saya Garudo diterima di sini.",3,https://www.google.com/maps/contrib/101095126463438401596/reviews?hl=id,"https://www.google.com/maps/reviews/@-7.311065,112.729017,17z/data=!3m1!4b1!4m6!14m5!1m4!2m3!1sChZDSUhNMG9nS0VJQ0FnSURHbk5QT093EAE!2m1!1s0x0:0x4ceb8bb356c12235?hl=id&entry=ttu"
La Safril,Non Local Guide,1,,5,4 tahun lalu,Kampus masa kini yang berbasis IT. Saya tertartik dengan kampus ini,2,https://www.google.com/maps/contrib/103986047322167641196/reviews?hl=id,"https://www.google.com/maps/reviews/@-7.311065,112.729017,17z/data=!3m1!4b1!4m6!14m5!1m4!2m3!1sChdDSUhNMG9nS0VJQ0FnSUQwdGVmNDNBRRAB!2m1!1s0x0:0x4ceb8bb356c12235?hl=id&entry=ttu"
Allansyah Brawinatha,Non Local Guide,1,1,5,setahun lalu,Bagus univnya,1,https://www.google.com/maps/contrib/113281995860820613425/reviews?hl=id,"https://www.google.com/maps/reviews/@-7.311065,112.729017,17z/data=!3m1!4b1!4m6!14m5!1m4!2m3!1sChZDSUhNMG9nS0VJQ0FnSUNKcE9lOFlREAE!2m1!1s0x0:0x4ceb8bb356c12235?hl=id&entry=ttu"
Rizal Darmawisata,Local Guide,20,4,5,2 tahun lalu,Parkir luas dan masjidnya bersih,0,https://www.google.com/maps/contrib/106445051342543900771/reviews?hl=id,"https://www.google.com/maps/reviews/@-7.311065,112.729017,17z/data=!3m1!4b1!4m6!14m5!1m4!2m3!1sChZDSUhNMG9nS0VJQ0FnSUNlanBhME53EAE!2m1!1s0x0:0x4ceb8bb356c12235?hl=id&entry=ttu"
Dodi Darwin,Non Local Guide,2,,4,5 tahun lalu,Kami mengucapkan selamat dan sukses selalu dg berdirinya IT Telkom Surabaya.,3,https://www.google.com/maps/contrib/108290965492789930297/reviews?hl=id,"https://www.google.com/maps/reviews/@-7.311065,112.729017,17z/data=!3m1!4b1!4m6!14m5!1m4!2m3!1sChZDSUhNMG9nS0VJQ0FnSUNJOGVickJ3EAE!2m1!1s0x0:0x4ceb8bb356c12235?hl=id&entry=ttu"
WiNATA,Non Local Guide,1,,5,2 tahun lalu,"Joss, kampus paling manteb, adem",1,https://www.google.com/maps/contrib/104671798569564167967/reviews?hl=id,"https://www.google.com/maps/reviews/@-7.311065,112.729017,17z/data=!3m1!4b1!4m6!14m5!1m4!2m3!1sChZDSUhNMG9nS0VJQ0FnSURXanNMc0JREAE!2m1!1s0x0:0x4ceb8bb356c12235?hl=id&entry=ttu"
anwar abdullah mustafa anwar,Non Local Guide,5,19,5,2 tahun lalu,Kampus bagus banget,2,https://www.google.com/maps/contrib/109865825694793435176/reviews?hl=id,"https://www.google.com/maps/reviews/@-7.311065,112.729017,17z/data=!3m1!4b1!4m6!14m5!1m4!2m3!1sChdDSUhNMG9nS0VJQ0FnSUQyMWUzMXZ3RRAB!2m1!1s0x0:0x4ceb8bb356c12235?hl=id&entry=ttu"
Dodiet Lumwartono,Local Guide,56,41,5,4 tahun lalu,Kampus Luar Biasa berlokasi di Pusat Kota Surabaya,5,https://www.google.com/maps/contrib/109426913420107046657/reviews?hl=id,"https://www.google.com/maps/reviews/@-7.311065,112.729017,17z/data=!3m1!4b1!4m6!14m5!1m4!2m3!1sChdDSUhNMG9nS0VJQ0FnSUNDdXRyNHdBRRAB!2m1!1s0x0:0x4ceb8bb356c12235?hl=id&entry=ttu"
Raissa Rahma,Non Local Guide,6,7,5,2 tahun lalu,saya ngampus disini nih bos,2,https://www.google.com/maps/contrib/100949611162999440103/reviews?hl=id,"https://www.google.com/maps/reviews/@-7.311065,112.729017,17z/data=!3m1!4b1!4m6!14m5!1m4!2m3!1sChdDSUhNMG9nS0VJQ0FnSUNxNjluU3pnRRAB!2m1!1s0x0:0x4ceb8bb356c12235?hl=id&entry=ttu"
Ammat Banu,Local Guide,46,31,5,6 tahun lalu,"Sebagai alumni IT Telkom Bandung, saya terharu sekarang ada IT Telkom Surabaya. Selamat dan Sukses IT Telkom Surabaya",4,https://www.google.com/maps/contrib/113114765950847386489/reviews?hl=id,"https://www.google.com/maps/reviews/@-7.311065,112.729017,17z/data=!3m1!4b1!4m6!14m5!1m4!2m3!1sChdDSUhNMG9nS0VJQ0FnSUNBbWNuOWhRRRAB!2m1!1s0x0:0x4ceb8bb356c12235?hl=id&entry=ttu"
Susyanto Tri Rasmana,Non Local Guide,6,1,5,3 tahun lalu,Perguruan tinggi baru dengan berjuta prestasi,2,https://www.google.com/maps/contrib/114294635938992279892/reviews?hl=id,"https://www.google.com/maps/reviews/@-7.311065,112.729017,17z/data=!3m1!4b1!4m6!14m5!1m4!2m3!1sChZDSUhNMG9nS0VJQ0FnSUNDMDhMLWZnEAE!2m1!1s0x0:0x4ceb8bb356c12235?hl=id&entry=ttu"
Sarwa Raisa,Local Guide,195,367,5,2 tahun lalu,Bersih,1,https://www.google.com/maps/contrib/113163322074429352291/reviews?hl=id,"https://www.google.com/maps/reviews/@-7.311065,112.729017,17z/data=!3m1!4b1!4m6!14m5!1m4!2m3!1sChZDSUhNMG9nS0VJQ0FnSURXZzZ6d2ZnEAE!2m1!1s0x0:0x4ceb8bb356c12235?hl=id&entry=ttu"
Anns,Local Guide,34,12,5,3 tahun lalu,Tempat utbk ter best lah,2,https://www.google.com/maps/contrib/102098989931082703824/reviews?hl=id,"https://www.google.com/maps/reviews/@-7.311065,112.729017,17z/data=!3m1!4b1!4m6!14m5!1m4!2m3!1sChdDSUhNMG9nS0VJQ0FnSUNLeTVHMHp3RRAB!2m1!1s0x0:0x4ceb8bb356c12235?hl=id&entry=ttu"
Adya Rahadi,Non Local Guide,2,1,5,6 tahun lalu,"Tata kelola unggul .. !!
IGracias, Telkom University, Academic Information System .. üë®‚Äçüéìüë©‚Äçüéì ‚Ä¶",3,https://www.google.com/maps/contrib/110591824697430102473/reviews?hl=id,"https://www.google.com/maps/reviews/@-7.311065,112.729017,17z/data=!3m1!4b1!4m6!14m5!1m4!2m3!1sChdDSUhNMG9nS0VJQ0FnSUNnNDVTMHd3RRAB!2m1!1s0x0:0x4ceb8bb356c12235?hl=id&entry=ttu"
Dielbieh Nugraha,Non Local Guide,1,,1,setahun lalu,Tidak sesuai ekspetasi,0,https://www.google.com/maps/contrib/115247309865802592221/reviews?hl=id,"https://www.google.com/maps/reviews/@-7.311065,112.729017,17z/data=!3m1!4b1!4m6!14m5!1m4!2m3!1sChZDSUhNMG9nS0VJQ0FnSUNSemFxYlJnEAE!2m1!1s0x0:0x4ceb8bb356c12235?hl=id&entry=ttu"
Naufal Badri (MasNamri),Local Guide,28,2,5,3 tahun lalu,Tempat mencari solusi untuk bangsa,2,https://www.google.com/maps/contrib/103878811399168257234/reviews?hl=id,"https://www.google.com/maps/reviews/@-7.311065,112.729017,17z/data=!3m1!4b1!4m6!14m5!1m4!2m3!1sChZDSUhNMG9nS0VJQ0FnSUNxM3FXNlJ3EAE!2m1!1s0x0:0x4ceb8bb356c12235?hl=id&entry=ttu"
Gilang Aditya,Non Local Guide,3,1,5,3 tahun lalu,Sangatt memuaskann,0,https://www.google.com/maps/contrib/102446931600048244893/reviews?hl=id,"https://www.google.com/maps/reviews/@-7.311065,112.729017,17z/data=!3m1!4b1!4m6!14m5!1m4!2m3!1sChdDSUhNMG9nS0VJQ0FnSUNxc01PTTVnRRAB!2m1!1s0x0:0x4ceb8bb356c12235?hl=id&entry=ttu"
Rahayu Rahayu,Local Guide,36,1,5,setahun lalu,Area lengkap ini,1,https://www.google.com/maps/contrib/105701045279762552098/reviews?hl=id,"https://www.google.com/maps/reviews/@-7.311065,112.729017,17z/data=!3m1!4b1!4m6!14m5!1m4!2m3!1sChdDSUhNMG9nS0VJQ0FnSURaaUxEUnpRRRAB!2m1!1s0x0:0x4ceb8bb356c12235?hl=id&entry=ttu"
Rachmat Djamal,Local Guide,82,190,5,2 tahun lalu,Universitas  top markotop,0,https://www.google.com/maps/contrib/109144868972289324156/reviews?hl=id,"https://www.google.com/maps/reviews/@-7.311065,112.729017,17z/data=!3m1!4b1!4m6!14m5!1m4!2m3!1sChdDSUhNMG9nS0VJQ0FnSUNlM1l6cjJ3RRAB!2m1!1s0x0:0x4ceb8bb356c12235?hl=id&entry=ttu"
Reyki Astika,Non Local Guide,17,,5,4 tahun lalu,Menuju kampus masa depan,1,https://www.google.com/maps/contrib/105527816404921705064/reviews?hl=id,"https://www.google.com/maps/reviews/@-7.311065,112.729017,17z/data=!3m1!4b1!4m6!14m5!1m4!2m3!1sChZDSUhNMG9nS0VJQ0FnSURNdGJMLUVnEAE!2m1!1s0x0:0x4ceb8bb356c12235?hl=id&entry=ttu"
Supra yitno,Local Guide,36,229,5,5 tahun lalu,Institus Teknologi Telkom Surabayaa adik dari Telkom University yg ada di Bandung.,8,https://www.google.com/maps/contrib/103630457954222966665/reviews?hl=id,"https://www.google.com/maps/reviews/@-7.311065,112.729017,17z/data=!3m1!4b1!4m6!14m5!1m4!2m3!1sChdDSUhNMG9nS0VJQ0FnSURVbExueDRBRRAB!2m1!1s0x0:0x4ceb8bb356c12235?hl=id&entry=ttu"
Supra Yitno,Local Guide,27,39,5,2 tahun lalu,"Nyaman dan aman ,",0,https://www.google.com/maps/contrib/116916564283401602365/reviews?hl=id,"https://www.google.com/maps/reviews/@-7.311065,112.729017,17z/data=!3m1!4b1!4m6!14m5!1m4!2m3!1sChZDSUhNMG9nS0VJQ0FnSUNxdnVQeURnEAE!2m1!1s0x0:0x4ceb8bb356c12235?hl=id&entry=ttu"
Harjono Harjono,Non Local Guide,4,7,5,6 tahun lalu,Mau daftarkan anak gimana ya?,3,https://www.google.com/maps/contrib/116590743181536700437/reviews?hl=id,"https://www.google.com/maps/reviews/@-7.311065,112.729017,17z/data=!3m1!4b1!4m6!14m5!1m4!2m3!1sChZDSUhNMG9nS0VJQ0FnSURnOU82TUR3EAE!2m1!1s0x0:0x4ceb8bb356c12235?hl=id&entry=ttu"
Raju Gultom,Local Guide,224,940,5,3 tahun lalu,Bersih dan parkiran luas,0,https://www.google.com/maps/contrib/111891642224302143250/reviews?hl=id,"https://www.google.com/maps/reviews/@-7.311065,112.729017,17z/data=!3m1!4b1!4m6!14m5!1m4!2m3!1sChdDSUhNMG9nS0VJQ0FnSUQ2cnFmYnhRRRAB!2m1!1s0x0:0x4ceb8bb356c12235?hl=id&entry=ttu"
Fajar Setiyawan,Local Guide,233,783,4,setahun lalu,üëçüëçüëçüëç ‚Ä¶,0,https://www.google.com/maps/contrib/111452469294252561721/reviews?hl=id,"https://www.google.com/maps/reviews/@-7.311065,112.729017,17z/data=!3m1!4b1!4m6!14m5!1m4!2m3!1sChdDSUhNMG9nS0VJQ0FnSURCdGZfZzJ3RRAB!2m1!1s0x0:0x4ceb8bb356c12235?hl=id&entry=ttu"
agus santoso,Non Local Guide,3,4,4,3 tahun lalu,"nyaman,",0,https://www.google.com/maps/contrib/117548749459608931274/reviews?hl=id,"https://www.google.com/maps/reviews/@-7.311065,112.729017,17z/data=!3m1!4b1!4m6!14m5!1m4!2m3!1sChdDSUhNMG9nS0VJQ0FnSUNLOWRtYzdRRRAB!2m1!1s0x0:0x4ceb8bb356c12235?hl=id&entry=ttu"
Mst Mjs.Official,Local Guide,26,2,5,2 tahun lalu,Bagus,1,https://www.google.com/maps/contrib/107942162817434859209/reviews?hl=id,"https://www.google.com/maps/reviews/@-7.311065,112.729017,17z/data=!3m1!4b1!4m6!14m5!1m4!2m3!1sChdDSUhNMG9nS0VJQ0FnSURlbnFxSmpRRRAB!2m1!1s0x0:0x4ceb8bb356c12235?hl=id&entry=ttu"
masboy mn,Local Guide,193,244,5,4 tahun lalu,Kampus kekinian,1,https://www.google.com/maps/contrib/110815529571264725157/reviews?hl=id,"https://www.google.com/maps/reviews/@-7.311065,112.729017,17z/data=!3m1!4b1!4m6!14m5!1m4!2m3!1sChZDSUhNMG9nS0VJQ0FnSUNjdC0zeFZnEAE!2m1!1s0x0:0x4ceb8bb356c12235?hl=id&entry=ttu"
Imron Rosidi,Local Guide,99,6,5,2 tahun lalu,Bagus,1,https://www.google.com/maps/contrib/105958155448829391685/reviews?hl=id,"https://www.google.com/maps/reviews/@-7.311065,112.729017,17z/data=!3m1!4b1!4m6!14m5!1m4!2m3!1sChZDSUhNMG9nS0VJQ0FnSUQyN18yWU93EAE!2m1!1s0x0:0x4ceb8bb356c12235?hl=id&entry=ttu"
Mawanda Almuhayar,Local Guide,111,11,5,2 tahun lalu,"Perguruan tinggi baru berbasis ICT terbaik di Surabaya. Perguruan tinggi ini merupakan perguruan tinggi swasta yang terafiliasi dengan Telkom Indonesia melalui Yayasan Pendidikan Telkom. Kampusnya yang terletak di lokasi yang strategis, di ‚Ä¶",5,https://www.google.com/maps/contrib/106997904688155021545/reviews?hl=id,"https://www.google.com/maps/reviews/@-7.311065,112.729017,17z/data=!3m1!4b1!4m6!14m5!1m4!2m3!1sChZDSUhNMG9nS0VJQ0FnSUQ2ei0zeVB3EAE!2m1!1s0x0:0x4ceb8bb356c12235?hl=id&entry=ttu"
Kevin Licious,Non Local Guide,1,,1,setahun lalu,"Tempat bagus tapi petugas keamanannya buruk
Aku kehilangan kunciku dan bertanya kepada mereka tapi bukannya membantu mereka malah menunjuk ke arahku dengan nada tinggi selama 10 menit, pada akhirnya dia ‚Ä¶",3,https://www.google.com/maps/contrib/117986193737352322469/reviews?hl=id,"https://www.google.com/maps/reviews/@-7.311065,112.729017,17z/data=!3m1!4b1!4m6!14m5!1m4!2m3!1sChdDSUhNMG9nS0VJQ0FnSUNCcVl2NTFnRRAB!2m1!1s0x0:0x4ceb8bb356c12235?hl=id&entry=ttu"
ModifieSby Medsos,Non Local Guide,2,,5,2 bulan lalu,üî• ‚Ä¶,0,https://www.google.com/maps/contrib/101174167306803117116/reviews?hl=id,"https://www.google.com/maps/reviews/@-7.311065,112.729017,17z/data=!3m1!4b1!4m6!14m5!1m4!2m3!1sChZDSUhNMG9nS0VJQ0FnSUNiN3B1UWR3EAE!2m1!1s0x0:0x4ceb8bb356c12235?hl=id&entry=ttu"
Carlita 69,Local Guide,454,4339,5,2 tahun lalu,Kampus Jo keren,1,https://www.google.com/maps/contrib/100720896968397392440/reviews?hl=id,"https://www.google.com/maps/reviews/@-7.311065,112.729017,17z/data=!3m1!4b1!4m6!14m5!1m4!2m3!1sChdDSUhNMG9nS0VJQ0FnSUN1cGItRzN3RRAB!2m1!1s0x0:0x4ceb8bb356c12235?hl=id&entry=ttu"
Oktavia Ayu Permata,Local Guide,45,5,5,6 tahun lalu,"Kampus berbasis ICT yang sangat direkomendasikan. Datang dan bergabunglah untuk merasakan keunggulan teknologi industri maritim, transportasi, dan logistik",3,https://www.google.com/maps/contrib/100979928211889550075/reviews?hl=id,"https://www.google.com/maps/reviews/@-7.311065,112.729017,17z/data=!3m1!4b1!4m6!14m5!1m4!2m3!1sChZDSUhNMG9nS0VJQ0FnSURBeU0zZlRnEAE!2m1!1s0x0:0x4ceb8bb356c12235?hl=id&entry=ttu"
Philip Daely,Local Guide,8,4,5,6 tahun lalu,"Kampus baru berbasis ICT di Surabaya. Ini menyediakan berbagai program studi teknik dengan spesialisasi di bidang industri maritim, transportasi, dan logistik.",4,https://www.google.com/maps/contrib/111048602144485869939/reviews?hl=id,"https://www.google.com/maps/reviews/@-7.311065,112.729017,17z/data=!3m1!4b1!4m6!14m5!1m4!2m3!1sChdDSUhNMG9nS0VJQ0FnSURBZ1AyMzBBRRAB!2m1!1s0x0:0x4ceb8bb356c12235?hl=id&entry=ttu"
Hendra Dirga,Non Local Guide,1,,5,sebulan lalu,Bagus,0,https://www.google.com/maps/contrib/100366100695690560747/reviews?hl=id,"https://www.google.com/maps/reviews/@-7.311065,112.729017,17z/data=!3m1!4b1!4m6!14m5!1m4!2m3!1sChZDSUhNMG9nS0VJQ0FnSURINktiZk5REAE!2m1!1s0x0:0x4ceb8bb356c12235?hl=id&entry=ttu"
Mang Udin,Non Local Guide,1,,5,2 bulan lalu,gacorrr,0,https://www.google.com/maps/contrib/103108606113876343080/reviews?hl=id,"https://www.google.com/maps/reviews/@-7.311065,112.729017,17z/data=!3m1!4b1!4m6!14m5!1m4!2m3!1sChdDSUhNMG9nS0VJQ0FnSUNidnJtVWt3RRAB!2m1!1s0x0:0x4ceb8bb356c12235?hl=id&entry=ttu"
Agung Hartadi,Local Guide,489,350,5,3 tahun lalu,Sekolah berbasis ICT yang unggul untuk pendidikan tinggi.,1,https://www.google.com/maps/contrib/110512624240538018374/reviews?hl=id,"https://www.google.com/maps/reviews/@-7.311065,112.729017,17z/data=!3m1!4b1!4m6!14m5!1m4!2m3!1sChZDSUhNMG9nS0VJQ0FnSUNpdl91c0tREAE!2m1!1s0x0:0x4ceb8bb356c12235?hl=id&entry=ttu"
Yanuar Firdaus,Local Guide,6,2957,5,2 tahun lalu,-,0,https://www.google.com/maps/contrib/101440184117365059149/reviews?hl=id,"https://www.google.com/maps/reviews/@-7.311065,112.729017,17z/data=!3m1!4b1!4m6!14m5!1m4!2m3!1sChZDSUhNMG9nS0VJQ0FnSUNPNi1MZ1hREAE!2m1!1s0x0:0x4ceb8bb356c12235?hl=id&entry=ttu"
asep wahyu,Non Local Guide,1,,5,6 tahun lalu,Menyatukan Kembali Benang Merah. Majukan bangsaku.,1,https://www.google.com/maps/contrib/108584429775763133868/reviews?hl=id,"https://www.google.com/maps/reviews/@-7.311065,112.729017,17z/data=!3m1!4b1!4m6!14m5!1m4!2m3!1sChdDSUhNMG9nS0VJQ0FnSURRdEktdnBBRRAB!2m1!1s0x0:0x4ceb8bb356c12235?hl=id&entry=ttu"
Iqbal Yudha,Non Local Guide,5,1,5,5 tahun lalu,ITTS sangat bagus,3,https://www.google.com/maps/contrib/118294903641150587980/reviews?hl=id,"https://www.google.com/maps/reviews/@-7.311065,112.729017,17z/data=!3m1!4b1!4m6!14m5!1m4!2m3!1sChZDSUhNMG9nS0VJQ0FnSUMwM05MZVBREAE!2m1!1s0x0:0x4ceb8bb356c12235?hl=id&entry=ttu"
pustakasemesta pustaka,Non Local Guide,3,1,5,2 tahun lalu,bagus sekali,1,https://www.google.com/maps/contrib/105135597005065728734/reviews?hl=id,"https://www.google.com/maps/reviews/@-7.311065,112.729017,17z/data=!3m1!4b1!4m6!14m5!1m4!2m3!1sChZDSUhNMG9nS0VJQ0FnSURlN2Fub2RnEAE!2m1!1s0x0:0x4ceb8bb356c12235?hl=id&entry=ttu"
Bani Wangsal,Local Guide,304,172,5,10 bulan lalu,Sekolah yang bagus,1,https://www.google.com/maps/contrib/101745087471076684632/reviews?hl=id,"https://www.google.com/maps/reviews/@-7.311065,112.729017,17z/data=!3m1!4b1!4m6!14m5!1m4!2m3!1sChZDSUhNMG9nS0VJQ0FnSURWMm96N1BBEAE!2m1!1s0x0:0x4ceb8bb356c12235?hl=id&entry=ttu"
mh arief,Non Local Guide,6,6,5,3 tahun lalu,rembesnya bagus,0,https://www.google.com/maps/contrib/104681011191217104010/reviews?hl=id,"https://www.google.com/maps/reviews/@-7.311065,112.729017,17z/data=!3m1!4b1!4m6!14m5!1m4!2m3!1sChdDSUhNMG9nS0VJQ0FnSUNLMVpDSHhBRRAB!2m1!1s0x0:0x4ceb8bb356c12235?hl=id&entry=ttu"
Ardi Dwi Saputra,Local Guide,33,14,4,3 tahun lalu,Tidak buruk,0,https://www.google.com/maps/contrib/101259241984098174134/reviews?hl=id,"https://www.google.com/maps/reviews/@-7.311065,112.729017,17z/data=!3m1!4b1!4m6!14m5!1m4!2m3!1sChZDSUhNMG9nS0VJQ0FnSURhOXZQdU9BEAE!2m1!1s0x0:0x4ceb8bb356c12235?hl=id&entry=ttu"
Dimas iqbal,Non Local Guide,1,,5,10 bulan lalu,Selamat Telkom University Surabaya,1,https://www.google.com/maps/contrib/103986797848129676169/reviews?hl=id,"https://www.google.com/maps/reviews/@-7.311065,112.729017,17z/data=!3m1!4b1!4m6!14m5!1m4!2m3!1sChZDSUhNMG9nS0VJQ0FnSUMxc0xPbkh3EAE!2m1!1s0x0:0x4ceb8bb356c12235?hl=id&entry=ttu"
Adhiaksa Bima Ramadhani,Non Local Guide,2,1,5,2 tahun lalu,-,0,https://www.google.com/maps/contrib/117603076091022521339/reviews?hl=id,"https://www.google.com/maps/reviews/@-7.311065,112.729017,17z/data=!3m1!4b1!4m6!14m5!1m4!2m3!1sChdDSUhNMG9nS0VJQ0FnSUNPMDV2QS1BRRAB!2m1!1s0x0:0x4ceb8bb356c12235?hl=id&entry=ttu"
Rian Gunawan,Non Local Guide,3,6,5,4 tahun lalu,ITU JOSSSS!!!,1,https://www.google.com/maps/contrib/114788334175585372892/reviews?hl=id,"https://www.google.com/maps/reviews/@-7.311065,112.729017,17z/data=!3m1!4b1!4m6!14m5!1m4!2m3!1sChdDSUhNMG9nS0VJQ0FnSUQwbnV1bW5nRRAB!2m1!1s0x0:0x4ceb8bb356c12235?hl=id&entry=ttu"
Ahmad Yuridan,Non Local Guide,6,3,5,2 tahun lalu,hehe,0,https://www.google.com/maps/contrib/117727115088015712102/reviews?hl=id,"https://www.google.com/maps/reviews/@-7.311065,112.729017,17z/data=!3m1!4b1!4m6!14m5!1m4!2m3!1sChZDSUhNMG9nS0VJQ0FnSURXNk1XTE1BEAE!2m1!1s0x0:0x4ceb8bb356c12235?hl=id&entry=ttu"
bram Exote,Local Guide,35,169,5,5 tahun lalu,Tempat yang bagus!!!,2,https://www.google.com/maps/contrib/110073193424799782060/reviews?hl=id,"https://www.google.com/maps/reviews/@-7.311065,112.729017,17z/data=!3m1!4b1!4m6!14m5!1m4!2m3!1sChdDSUhNMG9nS0VJQ0FnSURZemYzODdBRRAB!2m1!1s0x0:0x4ceb8bb356c12235?hl=id&entry=ttu"
Rizky Ikbal,Non Local Guide,5,,5,4 tahun lalu,Warbyasah...!!!,1,https://www.google.com/maps/contrib/118082666293286203113/reviews?hl=id,"https://www.google.com/maps/reviews/@-7.311065,112.729017,17z/data=!3m1!4b1!4m6!14m5!1m4!2m3!1sChZDSUhNMG9nS0VJQ0FnSURzX3ZxU0NnEAE!2m1!1s0x0:0x4ceb8bb356c12235?hl=id&entry=ttu"
Narendroduto Rokhyadi,Non Local Guide,9,3,5,5 tahun lalu,Ittelkom assiiaapp,1,https://www.google.com/maps/contrib/114341548867211304811/reviews?hl=id,"https://www.google.com/maps/reviews/@-7.311065,112.729017,17z/data=!3m1!4b1!4m6!14m5!1m4!2m3!1sChZDSUhNMG9nS0VJQ0FnSUNVc2NLcWNBEAE!2m1!1s0x0:0x4ceb8bb356c12235?hl=id&entry=ttu"
Nabila Desfitriani,-,-,-,5,seminggu lalu,-,0,https://www.google.com/maps/contrib/102980905786583394599/reviews?hl=id,"https://www.google.com/maps/reviews/@-7.311065,112.729017,17z/data=!3m1!4b1!4m6!14m5!1m4!2m3!1sChdDSUhNMG9nS0VJQ0FnSUNYb2F5UnVnRRAB!2m1!1s0x0:0x4ceb8bb356c12235?hl=id&entry=ttu"
YunHan 19,Non Local Guide,1,,5,3 minggu lalu,-,0,https://www.google.com/maps/contrib/107135122123385219207/reviews?hl=id,"https://www.google.com/maps/reviews/@-7.311065,112.729017,17z/data=!3m1!4b1!4m6!14m5!1m4!2m3!1sChdDSUhNMG9nS0VJQ0FnSUNuajlfWjFRRRAB!2m1!1s0x0:0x4ceb8bb356c12235?hl=id&entry=ttu"
faiza putri,-,-,-,5,4 minggu lalu,-,0,https://www.google.com/maps/contrib/103236228700798635579/reviews?hl=id,"https://www.google.com/maps/reviews/@-7.311065,112.729017,17z/data=!3m1!4b1!4m6!14m5!1m4!2m3!1sChdDSUhNMG9nS0VJQ0FnSUNuMGQ3N3hnRRAB!2m1!1s0x0:0x4ceb8bb356c12235?hl=id&entry=ttu"
aditia ariqriskullah,-,-,-,5,sebulan lalu,-,0,https://www.google.com/maps/contrib/106566235825511303902/reviews?hl=id,"https://www.google.com/maps/reviews/@-7.311065,112.729017,17z/data=!3m1!4b1!4m6!14m5!1m4!2m3!1sChdDSUhNMG9nS0VJQ0FnSUNuZ0xQSXp3RRAB!2m1!1s0x0:0x4ceb8bb356c12235?hl=id&entry=ttu"
Wibi sono,Non Local Guide,,1,5,sebulan lalu,-,0,https://www.google.com/maps/contrib/118210964455513512872/reviews?hl=id,"https://www.google.com/maps/reviews/@-7.311065,112.729017,17z/data=!3m1!4b1!4m6!14m5!1m4!2m3!1sChdDSUhNMG9nS0VJQ0FnSURILU9TbXlBRRAB!2m1!1s0x0:0x4ceb8bb356c12235?hl=id&entry=ttu"
Bertrand Lianto,-,-,-,5,sebulan lalu,-,0,https://www.google.com/maps/contrib/116431515164564734682/reviews?hl=id,"https://www.google.com/maps/reviews/@-7.311065,112.729017,17z/data=!3m1!4b1!4m6!14m5!1m4!2m3!1sChRDSUhNMG9nS0VJQ0FnSUNIaVpRThAB!2m1!1s0x0:0x4ceb8bb356c12235?hl=id&entry=ttu"
Mokhammad Bahauddin,-,-,-,5,sebulan lalu,-,0,https://www.google.com/maps/contrib/107979678393891072023/reviews?hl=id,"https://www.google.com/maps/reviews/@-7.311065,112.729017,17z/data=!3m1!4b1!4m6!14m5!1m4!2m3!1sChZDSUhNMG9nS0VJQ0FnSUNIbnZPb1VnEAE!2m1!1s0x0:0x4ceb8bb356c12235?hl=id&entry=ttu"
Sokhib Sokhib,Non Local Guide,1,,5,sebulan lalu,-,0,https://www.google.com/maps/contrib/104661316027348322380/reviews?hl=id,"https://www.google.com/maps/reviews/@-7.311065,112.729017,17z/data=!3m1!4b1!4m6!14m5!1m4!2m3!1sChZDSUhNMG9nS0VJQ0FnSUNId0pDX0lREAE!2m1!1s0x0:0x4ceb8bb356c12235?hl=id&entry=ttu"
PURWOKO BE,Local Guide,143,212,5,2 bulan lalu,-,0,https://www.google.com/maps/contrib/112461752362984304032/reviews?hl=id,"https://www.google.com/maps/reviews/@-7.311065,112.729017,17z/data=!3m1!4b1!4m6!14m5!1m4!2m3!1sChZDSUhNMG9nS0VJQ0FnSUQ3Z3ZLdkRREAE!2m1!1s0x0:0x4ceb8bb356c12235?hl=id&entry=ttu"
Alfan Syahputra,-,-,-,5,2 bulan lalu,-,0,https://www.google.com/maps/contrib/109628042263882747271/reviews?hl=id,"https://www.google.com/maps/reviews/@-7.311065,112.729017,17z/data=!3m1!4b1!4m6!14m5!1m4!2m3!1sChZDSUhNMG9nS0VJQ0FnSUQ3ekwyekp3EAE!2m1!1s0x0:0x4ceb8bb356c12235?hl=id&entry=ttu"
Neo Gent,Local Guide,61,18,5,2 bulan lalu,-,0,https://www.google.com/maps/contrib/115343770560193258290/reviews?hl=id,"https://www.google.com/maps/reviews/@-7.311065,112.729017,17z/data=!3m1!4b1!4m6!14m5!1m4!2m3!1sChZDSUhNMG9nS0VJQ0FnSUQ3dU16a0h3EAE!2m1!1s0x0:0x4ceb8bb356c12235?hl=id&entry=ttu"
Rio Firman,Non Local Guide,6,3,5,2 bulan lalu,-,0,https://www.google.com/maps/contrib/115866831084695815421/reviews?hl=id,"https://www.google.com/maps/reviews/@-7.311065,112.729017,17z/data=!3m1!4b1!4m6!14m5!1m4!2m3!1sChZDSUhNMG9nS0VJQ0FnSUM3bXNqTktREAE!2m1!1s0x0:0x4ceb8bb356c12235?hl=id&entry=ttu"
Melisa Bakara,-,-,-,5,2 bulan lalu,-,0,https://www.google.com/maps/contrib/114076800155179014943/reviews?hl=id,"https://www.google.com/maps/reviews/@-7.311065,112.729017,17z/data=!3m1!4b1!4m6!14m5!1m4!2m3!1sChZDSUhNMG9nS0VJQ0FnSURiNG9iNENREAE!2m1!1s0x0:0x4ceb8bb356c12235?hl=id&entry=ttu"
anam ipung,Local Guide,70,1248,4,3 bulan lalu,-,0,https://www.google.com/maps/contrib/103125849378060348798/reviews?hl=id,"https://www.google.com/maps/reviews/@-7.311065,112.729017,17z/data=!3m1!4b1!4m6!14m5!1m4!2m3!1sChdDSUhNMG9nS0VJQ0FnSURydUpDcXRnRRAB!2m1!1s0x0:0x4ceb8bb356c12235?hl=id&entry=ttu"
HENDRA VENLO,Local Guide,13,9,5,3 bulan lalu,-,0,https://www.google.com/maps/contrib/111172836505959076429/reviews?hl=id,"https://www.google.com/maps/reviews/@-7.311065,112.729017,17z/data=!3m1!4b1!4m6!14m5!1m4!2m3!1sChdDSUhNMG9nS0VJQ0FnSURybU9ueDFnRRAB!2m1!1s0x0:0x4ceb8bb356c12235?hl=id&entry=ttu"
Paulus Adrianus Adu,Local Guide,35,6,5,3 bulan lalu,-,0,https://www.google.com/maps/contrib/105029866350443032130/reviews?hl=id,"https://www.google.com/maps/reviews/@-7.311065,112.729017,17z/data=!3m1!4b1!4m6!14m5!1m4!2m3!1sChdDSUhNMG9nS0VJQ0FnSUNybXBqeXJnRRAB!2m1!1s0x0:0x4ceb8bb356c12235?hl=id&entry=ttu"
Abiyyu Admaja,-,-,-,5,3 bulan lalu,-,0,https://www.google.com/maps/contrib/111429349606180885330/reviews?hl=id,"https://www.google.com/maps/reviews/@-7.311065,112.729017,17z/data=!3m1!4b1!4m6!14m5!1m4!2m3!1sChdDSUhNMG9nS0VJQ0FnSUNyOFA3LXBRRRAB!2m1!1s0x0:0x4ceb8bb356c12235?hl=id&entry=ttu"
Nadira Khairunnisa,Local Guide,61,23,5,3 bulan lalu,-,0,https://www.google.com/maps/contrib/102642532385878853515/reviews?hl=id,"https://www.google.com/maps/reviews/@-7.311065,112.729017,17z/data=!3m1!4b1!4m6!14m5!1m4!2m3!1sChZDSUhNMG9nS0VJQ0FnSURMejhXbkNnEAE!2m1!1s0x0:0x4ceb8bb356c12235?hl=id&entry=ttu"
andik siswoyo,-,-,-,5,3 bulan lalu,-,0,https://www.google.com/maps/contrib/112057532985185824862/reviews?hl=id,"https://www.google.com/maps/reviews/@-7.311065,112.729017,17z/data=!3m1!4b1!4m6!14m5!1m4!2m3!1sChdDSUhNMG9nS0VJQ0FnSURMejltZzVBRRAB!2m1!1s0x0:0x4ceb8bb356c12235?hl=id&entry=ttu"
Hesty repelita Nainggolan,Non Local Guide,,1,5,3 bulan lalu,-,0,https://www.google.com/maps/contrib/108885609766703374018/reviews?hl=id,"https://www.google.com/maps/reviews/@-7.311065,112.729017,17z/data=!3m1!4b1!4m6!14m5!1m4!2m3!1sChdDSUhNMG9nS0VJQ0FnSURMbC1HRWh3RRAB!2m1!1s0x0:0x4ceb8bb356c12235?hl=id&entry=ttu"
Dany Ok,Non Local Guide,7,14,5,4 bulan lalu,-,0,https://www.google.com/maps/contrib/114695310267302308874/reviews?hl=id,"https://www.google.com/maps/reviews/@-7.311065,112.729017,17z/data=!3m1!4b1!4m6!14m5!1m4!2m3!1sChZDSUhNMG9nS0VJQ0FnSUNMaTVyLVRnEAE!2m1!1s0x0:0x4ceb8bb356c12235?hl=id&entry=ttu"
Pedro,Non Local Guide,4,26,5,4 bulan lalu,-,0,https://www.google.com/maps/contrib/105148962186705749921/reviews?hl=id,"https://www.google.com/maps/reviews/@-7.311065,112.729017,17z/data=!3m1!4b1!4m6!14m5!1m4!2m3!1sChZDSUhNMG9nS0VJQ0FnSUNMNkwtbENREAE!2m1!1s0x0:0x4ceb8bb356c12235?hl=id&entry=ttu"
bias arsitek design,Local Guide,71,24,4,4 bulan lalu,-,0,https://www.google.com/maps/contrib/100792320471822192168/reviews?hl=id,"https://www.google.com/maps/reviews/@-7.311065,112.729017,17z/data=!3m1!4b1!4m6!14m5!1m4!2m3!1sChZDSUhNMG9nS0VJQ0FnSUNMNE5qa1lREAE!2m1!1s0x0:0x4ceb8bb356c12235?hl=id&entry=ttu"
Mardhiyah Fida,Non Local Guide,2,1,5,4 bulan lalu,-,0,https://www.google.com/maps/contrib/118298845839300812915/reviews?hl=id,"https://www.google.com/maps/reviews/@-7.311065,112.729017,17z/data=!3m1!4b1!4m6!14m5!1m4!2m3!1sChdDSUhNMG9nS0VJQ0FnSUR6NzZTUTVBRRAB!2m1!1s0x0:0x4ceb8bb356c12235?hl=id&entry=ttu"
irulmanyar Sambongan 92,Local Guide,6,1,5,4 bulan lalu,-,0,https://www.google.com/maps/contrib/112984924807676595249/reviews?hl=id,"https://www.google.com/maps/reviews/@-7.311065,112.729017,17z/data=!3m1!4b1!4m6!14m5!1m4!2m3!1sChZDSUhNMG9nS0VJQ0FnSUR6cTdxZ0RREAE!2m1!1s0x0:0x4ceb8bb356c12235?hl=id&entry=ttu"
Haris Setiawan,Non Local Guide,1,,4,4 bulan lalu,-,0,https://www.google.com/maps/contrib/117718588516499081189/reviews?hl=id,"https://www.google.com/maps/reviews/@-7.311065,112.729017,17z/data=!3m1!4b1!4m6!14m5!1m4!2m3!1sChdDSUhNMG9nS0VJQ0FnSUR6akxERHNnRRAB!2m1!1s0x0:0x4ceb8bb356c12235?hl=id&entry=ttu"
rifqi arif,Non Local Guide,1,,5,5 bulan lalu,-,0,https://www.google.com/maps/contrib/110112485154715891135/reviews?hl=id,"https://www.google.com/maps/reviews/@-7.311065,112.729017,17z/data=!3m1!4b1!4m6!14m5!1m4!2m3!1sChdDSUhNMG9nS0VJQ0FnSURqaHRUdHJnRRAB!2m1!1s0x0:0x4ceb8bb356c12235?hl=id&entry=ttu"
Amos Joseph,Local Guide,4,,5,5 bulan lalu,-,0,https://www.google.com/maps/contrib/106620637226547259295/reviews?hl=id,"https://www.google.com/maps/reviews/@-7.311065,112.729017,17z/data=!3m1!4b1!4m6!14m5!1m4!2m3!1sChdDSUhNMG9nS0VJQ0FnSURqcXZYaXNRRRAB!2m1!1s0x0:0x4ceb8bb356c12235?hl=id&entry=ttu"
Geril Olha,-,-,-,2,5 bulan lalu,-,0,https://www.google.com/maps/contrib/116071014864262545177/reviews?hl=id,"https://www.google.com/maps/reviews/@-7.311065,112.729017,17z/data=!3m1!4b1!4m6!14m5!1m4!2m3!1sChdDSUhNMG9nS0VJQ0FnSURqb3FPNHp3RRAB!2m1!1s0x0:0x4ceb8bb356c12235?hl=id&entry=ttu"
Zapa 98989,Non Local Guide,184,1673,5,6 bulan lalu,-,0,https://www.google.com/maps/contrib/100079810049120450916/reviews?hl=id,"https://www.google.com/maps/reviews/@-7.311065,112.729017,17z/data=!3m1!4b1!4m6!14m5!1m4!2m3!1sChZDSUhNMG9nS0VJQ0FnSUNEMlp2RlpnEAE!2m1!1s0x0:0x4ceb8bb356c12235?hl=id&entry=ttu"
Edy Supri,-,-,-,5,6 bulan lalu,-,0,https://www.google.com/maps/contrib/109063975615047128851/reviews?hl=id,"https://www.google.com/maps/reviews/@-7.311065,112.729017,17z/data=!3m1!4b1!4m6!14m5!1m4!2m3!1sChZDSUhNMG9nS0VJQ0FnSUNEc29qc013EAE!2m1!1s0x0:0x4ceb8bb356c12235?hl=id&entry=ttu"
Mchhavid Darmawan,-,-,-,5,7 bulan lalu,-,0,https://www.google.com/maps/contrib/108591531668562165564/reviews?hl=id,"https://www.google.com/maps/reviews/@-7.311065,112.729017,17z/data=!3m1!4b1!4m6!14m5!1m4!2m3!1sChdDSUhNMG9nS0VJQ0FnSUQ5eWF6THNBRRAB!2m1!1s0x0:0x4ceb8bb356c12235?hl=id&entry=ttu"
I Gede Fender Adrea Veda,-,-,-,5,7 bulan lalu,-,0,https://www.google.com/maps/contrib/101087353414368686026/reviews?hl=id,"https://www.google.com/maps/reviews/@-7.311065,112.729017,17z/data=!3m1!4b1!4m6!14m5!1m4!2m3!1sChZDSUhNMG9nS0VJQ0FnSUM5bUwzOVVBEAE!2m1!1s0x0:0x4ceb8bb356c12235?hl=id&entry=ttu"
I Gede Davin Pramana Kusmawan,Non Local Guide,2,,5,8 bulan lalu,-,0,https://www.google.com/maps/contrib/109155159808282262908/reviews?hl=id,"https://www.google.com/maps/reviews/@-7.311065,112.729017,17z/data=!3m1!4b1!4m6!14m5!1m4!2m3!1sChZDSUhNMG9nS0VJQ0FnSUNkbTlYTk9REAE!2m1!1s0x0:0x4ceb8bb356c12235?hl=id&entry=ttu"
aldino,Non Local Guide,5,4,3,8 bulan lalu,-,0,https://www.google.com/maps/contrib/102171113816391181400/reviews?hl=id,"https://www.google.com/maps/reviews/@-7.311065,112.729017,17z/data=!3m1!4b1!4m6!14m5!1m4!2m3!1sChdDSUhNMG9nS0VJQ0FnSUR0cHI3MmlnRRAB!2m1!1s0x0:0x4ceb8bb356c12235?hl=id&entry=ttu"
Nayla Ramadhani Kiah,Non Local Guide,1,2,5,8 bulan lalu,-,0,https://www.google.com/maps/contrib/104671238741400873020/reviews?hl=id,"https://www.google.com/maps/reviews/@-7.311065,112.729017,17z/data=!3m1!4b1!4m6!14m5!1m4!2m3!1sChdDSUhNMG9nS0VJQ0FnSUN0akllajZ3RRAB!2m1!1s0x0:0x4ceb8bb356c12235?hl=id&entry=ttu"
DonnLeo Mirra789,Non Local Guide,,2,5,8 bulan lalu,-,0,https://www.google.com/maps/contrib/103951441601367940070/reviews?hl=id,"https://www.google.com/maps/reviews/@-7.311065,112.729017,17z/data=!3m1!4b1!4m6!14m5!1m4!2m3!1sChdDSUhNMG9nS0VJQ0FnSUN0NU83amt3RRAB!2m1!1s0x0:0x4ceb8bb356c12235?hl=id&entry=ttu"
Senna Abira,Local Guide,17,2,5,9 bulan lalu,-,0,https://www.google.com/maps/contrib/111568207579477528982/reviews?hl=id,"https://www.google.com/maps/reviews/@-7.311065,112.729017,17z/data=!3m1!4b1!4m6!14m5!1m4!2m3!1sChdDSUhNMG9nS0VJQ0FnSUROeGNLRzVnRRAB!2m1!1s0x0:0x4ceb8bb356c12235?hl=id&entry=ttu"
Ersa Nur Amalia,Local Guide,43,65,4,9 bulan lalu,-,0,https://www.google.com/maps/contrib/117470336363167694340/reviews?hl=id,"https://www.google.com/maps/reviews/@-7.311065,112.729017,17z/data=!3m1!4b1!4m6!14m5!1m4!2m3!1sChdDSUhNMG9nS0VJQ0FnSUROOGEtMF93RRAB!2m1!1s0x0:0x4ceb8bb356c12235?hl=id&entry=ttu"
Faruq Heldian,Local Guide,26,3,5,9 bulan lalu,-,0,https://www.google.com/maps/contrib/117655548990438677212/reviews?hl=id,"https://www.google.com/maps/reviews/@-7.311065,112.729017,17z/data=!3m1!4b1!4m6!14m5!1m4!2m3!1sChZDSUhNMG9nS0VJQ0FnSUROeUxEakNBEAE!2m1!1s0x0:0x4ceb8bb356c12235?hl=id&entry=ttu"
Yesika Purba,-,-,-,5,9 bulan lalu,-,0,https://www.google.com/maps/contrib/112207879386107022610/reviews?hl=id,"https://www.google.com/maps/reviews/@-7.311065,112.729017,17z/data=!3m1!4b1!4m6!14m5!1m4!2m3!1sChdDSUhNMG9nS0VJQ0FnSUNObExLQmpBRRAB!2m1!1s0x0:0x4ceb8bb356c12235?hl=id&entry=ttu"
Aditia Ariq Riskullah,Non Local Guide,1,,5,9 bulan lalu,-,0,https://www.google.com/maps/contrib/104371393366224748576/reviews?hl=id,"https://www.google.com/maps/reviews/@-7.311065,112.729017,17z/data=!3m1!4b1!4m6!14m5!1m4!2m3!1sChdDSUhNMG9nS0VJQ0FnSUMxMzhPdjRnRRAB!2m1!1s0x0:0x4ceb8bb356c12235?hl=id&entry=ttu"
Ahmad Daffa Atha Hidayat,Non Local Guide,2,,5,9 bulan lalu,-,0,https://www.google.com/maps/contrib/116698343191528668384/reviews?hl=id,"https://www.google.com/maps/reviews/@-7.311065,112.729017,17z/data=!3m1!4b1!4m6!14m5!1m4!2m3!1sChZDSUhNMG9nS0VJQ0FnSUMxN3FxNEZnEAE!2m1!1s0x0:0x4ceb8bb356c12235?hl=id&entry=ttu"
Bagus L Saputra,Local Guide,119,48,5,10 bulan lalu,-,0,https://www.google.com/maps/contrib/110126816767678154365/reviews?hl=id,"https://www.google.com/maps/reviews/@-7.311065,112.729017,17z/data=!3m1!4b1!4m6!14m5!1m4!2m3!1sChdDSUhNMG9nS0VJQ0FnSUMxektxVjZRRRAB!2m1!1s0x0:0x4ceb8bb356c12235?hl=id&entry=ttu"
rehanelee 16,Non Local Guide,4,,5,10 bulan lalu,-,0,https://www.google.com/maps/contrib/100329726793864584696/reviews?hl=id,"https://www.google.com/maps/reviews/@-7.311065,112.729017,17z/data=!3m1!4b1!4m6!14m5!1m4!2m3!1sChdDSUhNMG9nS0VJQ0FnSURsa3RpT3JnRRAB!2m1!1s0x0:0x4ceb8bb356c12235?hl=id&entry=ttu"
Neo Z.,Local Guide,35,66,5,11 bulan lalu,-,0,https://www.google.com/maps/contrib/102536368044755838029/reviews?hl=id,"https://www.google.com/maps/reviews/@-7.311065,112.729017,17z/data=!3m1!4b1!4m6!14m5!1m4!2m3!1sChdDSUhNMG9nS0VJQ0FnSUNsdXZuNmtRRRAB!2m1!1s0x0:0x4ceb8bb356c12235?hl=id&entry=ttu"
Ahmad Difa,Local Guide,11,13,5,setahun lalu,-,0,https://www.google.com/maps/contrib/104112868062753821714/reviews?hl=id,"https://www.google.com/maps/reviews/@-7.311065,112.729017,17z/data=!3m1!4b1!4m6!14m5!1m4!2m3!1sChdDSUhNMG9nS0VJQ0FnSURaX2NPTnVBRRAB!2m1!1s0x0:0x4ceb8bb356c12235?hl=id&entry=ttu"
Adiyan Jatmiko,Non Local Guide,4,7,5,setahun lalu,-,0,https://www.google.com/maps/contrib/101822285309857934286/reviews?hl=id,"https://www.google.com/maps/reviews/@-7.311065,112.729017,17z/data=!3m1!4b1!4m6!14m5!1m4!2m3!1sChdDSUhNMG9nS0VJQ0FnSURaNUpfT3V3RRAB!2m1!1s0x0:0x4ceb8bb356c12235?hl=id&entry=ttu"
Rachel,Non Local Guide,1,,5,setahun lalu,-,0,https://www.google.com/maps/contrib/103966469579478295419/reviews?hl=id,"https://www.google.com/maps/reviews/@-7.311065,112.729017,17z/data=!3m1!4b1!4m6!14m5!1m4!2m3!1sChdDSUhNMG9nS0VJQ0FnSUNaa05ETnRBRRAB!2m1!1s0x0:0x4ceb8bb356c12235?hl=id&entry=ttu"
arni muarifah,Local Guide,23,68,5,setahun lalu,-,0,https://www.google.com/maps/contrib/108015118975173281348/reviews?hl=id,"https://www.google.com/maps/reviews/@-7.311065,112.729017,17z/data=!3m1!4b1!4m6!14m5!1m4!2m3!1sChZDSUhNMG9nS0VJQ0FnSUNab01IQWRREAE!2m1!1s0x0:0x4ceb8bb356c12235?hl=id&entry=ttu"
Candra Ayu,Local Guide,29,53,5,setahun lalu,-,0,https://www.google.com/maps/contrib/113465955114295232868/reviews?hl=id,"https://www.google.com/maps/reviews/@-7.311065,112.729017,17z/data=!3m1!4b1!4m6!14m5!1m4!2m3!1sChZDSUhNMG9nS0VJQ0FnSUN4bHF2MFl3EAE!2m1!1s0x0:0x4ceb8bb356c12235?hl=id&entry=ttu"
Kain Kafan,-,-,-,1,setahun lalu,-,0,https://www.google.com/maps/contrib/110238945155921389009/reviews?hl=id,"https://www.google.com/maps/reviews/@-7.311065,112.729017,17z/data=!3m1!4b1!4m6!14m5!1m4!2m3!1sChdDSUhNMG9nS0VJQ0FnSUNSemNxMTNBRRAB!2m1!1s0x0:0x4ceb8bb356c12235?hl=id&entry=ttu"
Ika Syam,-,-,-,1,setahun lalu,-,0,https://www.google.com/maps/contrib/108349267466494243049/reviews?hl=id,"https://www.google.com/maps/reviews/@-7.311065,112.729017,17z/data=!3m1!4b1!4m6!14m5!1m4!2m3!1sChZDSUhNMG9nS0VJQ0FnSUNSemNxWkNBEAE!2m1!1s0x0:0x4ceb8bb356c12235?hl=id&entry=ttu"
UserGhost411,Non Local Guide,2,5,5,setahun lalu,-,0,https://www.google.com/maps/contrib/115277368435601160884/reviews?hl=id,"https://www.google.com/maps/reviews/@-7.311065,112.729017,17z/data=!3m1!4b1!4m6!14m5!1m4!2m3!1sChdDSUhNMG9nS0VJQ0FnSURobTRLZmdRRRAB!2m1!1s0x0:0x4ceb8bb356c12235?hl=id&entry=ttu"
Panji Purnama,Non Local Guide,3,,4,setahun lalu,-,0,https://www.google.com/maps/contrib/115798802905175254836/reviews?hl=id,"https://www.google.com/maps/reviews/@-7.311065,112.729017,17z/data=!3m1!4b1!4m6!14m5!1m4!2m3!1sChRDSUhNMG9nS0VJQ0FnSUNoNjZ4WRAB!2m1!1s0x0:0x4ceb8bb356c12235?hl=id&entry=ttu"
Rey Dylanza,Local Guide,8,2,5,setahun lalu,-,0,https://www.google.com/maps/contrib/107387748059156607721/reviews?hl=id,"https://www.google.com/maps/reviews/@-7.311065,112.729017,17z/data=!3m1!4b1!4m6!14m5!1m4!2m3!1sChdDSUhNMG9nS0VJQ0FnSUNoa3Z2S19BRRAB!2m1!1s0x0:0x4ceb8bb356c12235?hl=id&entry=ttu"
Yoga Wilanda,Local Guide,43,49,5,setahun lalu,-,0,https://www.google.com/maps/contrib/105319942860869440953/reviews?hl=id,"https://www.google.com/maps/reviews/@-7.311065,112.729017,17z/data=!3m1!4b1!4m6!14m5!1m4!2m3!1sChdDSUhNMG9nS0VJQ0FnSUNoZ1BxS29RRRAB!2m1!1s0x0:0x4ceb8bb356c12235?hl=id&entry=ttu"
noise kamera,Non Local Guide,6,3,5,setahun lalu,-,0,https://www.google.com/maps/contrib/111240396115057740645/reviews?hl=id,"https://www.google.com/maps/reviews/@-7.311065,112.729017,17z/data=!3m1!4b1!4m6!14m5!1m4!2m3!1sChZDSUhNMG9nS0VJQ0FnSUNoZ0pxREhBEAE!2m1!1s0x0:0x4ceb8bb356c12235?hl=id&entry=ttu"
Aldi Ramadhani,Local Guide,29,3,5,setahun lalu,-,0,https://www.google.com/maps/contrib/117231855781134379611/reviews?hl=id,"https://www.google.com/maps/reviews/@-7.311065,112.729017,17z/data=!3m1!4b1!4m6!14m5!1m4!2m3!1sChZDSUhNMG9nS0VJQ0FnSURCOS1IbFNnEAE!2m1!1s0x0:0x4ceb8bb356c12235?hl=id&entry=ttu"
Luthfi Rahman,Local Guide,35,22,5,setahun lalu,-,0,https://www.google.com/maps/contrib/110156413046786996866/reviews?hl=id,"https://www.google.com/maps/reviews/@-7.311065,112.729017,17z/data=!3m1!4b1!4m6!14m5!1m4!2m3!1sChdDSUhNMG9nS0VJQ0FnSURCaDdmY2pRRRAB!2m1!1s0x0:0x4ceb8bb356c12235?hl=id&entry=ttu"
Arvega Andika Putra,Non Local Guide,2,,5,setahun lalu,-,0,https://www.google.com/maps/contrib/111958366139965291504/reviews?hl=id,"https://www.google.com/maps/reviews/@-7.311065,112.729017,17z/data=!3m1!4b1!4m6!14m5!1m4!2m3!1sChZDSUhNMG9nS0VJQ0FnSURCMVBXMUdBEAE!2m1!1s0x0:0x4ceb8bb356c12235?hl=id&entry=ttu"
DIYANTORO DIYANTORO,Local Guide,23,3,5,setahun lalu,-,0,https://www.google.com/maps/contrib/110369087293071023979/reviews?hl=id,"https://www.google.com/maps/reviews/@-7.311065,112.729017,17z/data=!3m1!4b1!4m6!14m5!1m4!2m3!1sChdDSUhNMG9nS0VJQ0FnSURCLUltdHVRRRAB!2m1!1s0x0:0x4ceb8bb356c12235?hl=id&entry=ttu"
Evalia Nuryana,Non Local Guide,1,,5,setahun lalu,-,0,https://www.google.com/maps/contrib/111807616728291450575/reviews?hl=id,"https://www.google.com/maps/reviews/@-7.311065,112.729017,17z/data=!3m1!4b1!4m6!14m5!1m4!2m3!1sChZDSUhNMG9nS0VJQ0FnSUNCOU96eFdREAE!2m1!1s0x0:0x4ceb8bb356c12235?hl=id&entry=ttu"
Your Mark,Non Local Guide,1,,5,setahun lalu,-,0,https://www.google.com/maps/contrib/115510148062900164831/reviews?hl=id,"https://www.google.com/maps/reviews/@-7.311065,112.729017,17z/data=!3m1!4b1!4m6!14m5!1m4!2m3!1sChZDSUhNMG9nS0VJQ0FnSUNCOFBpTlRBEAE!2m1!1s0x0:0x4ceb8bb356c12235?hl=id&entry=ttu"
Olfatghani Kartiko,Non Local Guide,4,3,4,setahun lalu,-,0,https://www.google.com/maps/contrib/112942521197661934673/reviews?hl=id,"https://www.google.com/maps/reviews/@-7.311065,112.729017,17z/data=!3m1!4b1!4m6!14m5!1m4!2m3!1sChdDSUhNMG9nS0VJQ0FnSUQtMjl5SC1BRRAB!2m1!1s0x0:0x4ceb8bb356c12235?hl=id&entry=ttu"
Nava Meisyah P.A,Non Local Guide,1,,3,setahun lalu,-,0,https://www.google.com/maps/contrib/115644270410562449501/reviews?hl=id,"https://www.google.com/maps/reviews/@-7.311065,112.729017,17z/data=!3m1!4b1!4m6!14m5!1m4!2m3!1sChdDSUhNMG9nS0VJQ0FnSUQtamV1NDZRRRAB!2m1!1s0x0:0x4ceb8bb356c12235?hl=id&entry=ttu"
Nada Ashabul,Non Local Guide,,4,5,setahun lalu,-,0,https://www.google.com/maps/contrib/117635623070536232418/reviews?hl=id,"https://www.google.com/maps/reviews/@-7.311065,112.729017,17z/data=!3m1!4b1!4m6!14m5!1m4!2m3!1sChdDSUhNMG9nS0VJQ0FnSUQtOWMyYXJnRRAB!2m1!1s0x0:0x4ceb8bb356c12235?hl=id&entry=ttu"
Davin Saddam Setyawan,Non Local Guide,2,,5,setahun lalu,-,0,https://www.google.com/maps/contrib/117301789770541615592/reviews?hl=id,"https://www.google.com/maps/reviews/@-7.311065,112.729017,17z/data=!3m1!4b1!4m6!14m5!1m4!2m3!1sChdDSUhNMG9nS0VJQ0FnSUQtcGVTSHNRRRAB!2m1!1s0x0:0x4ceb8bb356c12235?hl=id&entry=ttu"
Anastasia Wiraa,Local Guide,6,1,5,setahun lalu,-,0,https://www.google.com/maps/contrib/110065753782882781143/reviews?hl=id,"https://www.google.com/maps/reviews/@-7.311065,112.729017,17z/data=!3m1!4b1!4m6!14m5!1m4!2m3!1sChdDSUhNMG9nS0VJQ0FnSUQtbEttMnJBRRAB!2m1!1s0x0:0x4ceb8bb356c12235?hl=id&entry=ttu"
fuad dimyati,Non Local Guide,1,,5,setahun lalu,-,0,https://www.google.com/maps/contrib/103070100105921144737/reviews?hl=id,"https://www.google.com/maps/reviews/@-7.311065,112.729017,17z/data=!3m1!4b1!4m6!14m5!1m4!2m3!1sChZDSUhNMG9nS0VJQ0FnSUMtanZ2VVpREAE!2m1!1s0x0:0x4ceb8bb356c12235?hl=id&entry=ttu"
Naufal Hafizh Putra A.,Non Local Guide,1,,1,setahun lalu,-,0,https://www.google.com/maps/contrib/100569013312976157138/reviews?hl=id,"https://www.google.com/maps/reviews/@-7.311065,112.729017,17z/data=!3m1!4b1!4m6!14m5!1m4!2m3!1sChZDSUhNMG9nS0VJQ0FnSUMtanJQZ1BnEAE!2m1!1s0x0:0x4ceb8bb356c12235?hl=id&entry=ttu"
Alip Kulip,Local Guide,12,1,5,setahun lalu,-,0,https://www.google.com/maps/contrib/116653972614705492790/reviews?hl=id,"https://www.google.com/maps/reviews/@-7.311065,112.729017,17z/data=!3m1!4b1!4m6!14m5!1m4!2m3!1sChZDSUhNMG9nS0VJQ0FnSUMtNW91OGFREAE!2m1!1s0x0:0x4ceb8bb356c12235?hl=id&entry=ttu"
Andro widi,Non Local Guide,4,,5,setahun lalu,-,0,https://www.google.com/maps/contrib/102749784968040925455/reviews?hl=id,"https://www.google.com/maps/reviews/@-7.311065,112.729017,17z/data=!3m1!4b1!4m6!14m5!1m4!2m3!1sChZDSUhNMG9nS0VJQ0FnSUMteXQycWRREAE!2m1!1s0x0:0x4ceb8bb356c12235?hl=id&entry=ttu"
Busye,Non Local Guide,2,,4,setahun lalu,-,0,https://www.google.com/maps/contrib/112173711128411828026/reviews?hl=id,"https://www.google.com/maps/reviews/@-7.311065,112.729017,17z/data=!3m1!4b1!4m6!14m5!1m4!2m3!1sChdDSUhNMG9nS0VJQ0FnSUMtN0xDNWx3RRAB!2m1!1s0x0:0x4ceb8bb356c12235?hl=id&entry=ttu"
khutma wati,Non Local Guide,,14,5,setahun lalu,-,0,https://www.google.com/maps/contrib/110214731259242519963/reviews?hl=id,"https://www.google.com/maps/reviews/@-7.311065,112.729017,17z/data=!3m1!4b1!4m6!14m5!1m4!2m3!1sChdDSUhNMG9nS0VJQ0FnSUMtck1PeXF3RRAB!2m1!1s0x0:0x4ceb8bb356c12235?hl=id&entry=ttu"
Waishabilla R.f,Non Local Guide,1,1,5,2 tahun lalu,-,0,https://www.google.com/maps/contrib/116762910190868346818/reviews?hl=id,"https://www.google.com/maps/reviews/@-7.311065,112.729017,17z/data=!3m1!4b1!4m6!14m5!1m4!2m3!1sChZDSUhNMG9nS0VJQ0FnSUMtc0lHc0d3EAE!2m1!1s0x0:0x4ceb8bb356c12235?hl=id&entry=ttu"
Fachmi Fahrezi,Non Local Guide,1,1,5,2 tahun lalu,-,0,https://www.google.com/maps/contrib/103841654210353484084/reviews?hl=id,"https://www.google.com/maps/reviews/@-7.311065,112.729017,17z/data=!3m1!4b1!4m6!14m5!1m4!2m3!1sChdDSUhNMG9nS0VJQ0FnSURlbVlXYzlnRRAB!2m1!1s0x0:0x4ceb8bb356c12235?hl=id&entry=ttu"
sulis tiani,Non Local Guide,1,,5,2 tahun lalu,-,0,https://www.google.com/maps/contrib/105515611230824426993/reviews?hl=id,"https://www.google.com/maps/reviews/@-7.311065,112.729017,17z/data=!3m1!4b1!4m6!14m5!1m4!2m3!1sChZDSUhNMG9nS0VJQ0FnSURlOXZHcEpBEAE!2m1!1s0x0:0x4ceb8bb356c12235?hl=id&entry=ttu"
Achmad Subayu,Non Local Guide,2,5,5,2 tahun lalu,-,0,https://www.google.com/maps/contrib/106920587530320721970/reviews?hl=id,"https://www.google.com/maps/reviews/@-7.311065,112.729017,17z/data=!3m1!4b1!4m6!14m5!1m4!2m3!1sChdDSUhNMG9nS0VJQ0FnSURlaXRiczRRRRAB!2m1!1s0x0:0x4ceb8bb356c12235?hl=id&entry=ttu"
Jiamik A,Non Local Guide,8,2,4,2 tahun lalu,-,0,https://www.google.com/maps/contrib/113103637495826611283/reviews?hl=id,"https://www.google.com/maps/reviews/@-7.311065,112.729017,17z/data=!3m1!4b1!4m6!14m5!1m4!2m3!1sChZDSUhNMG9nS0VJQ0FnSURla3VyYk53EAE!2m1!1s0x0:0x4ceb8bb356c12235?hl=id&entry=ttu"
nn dul;,Local Guide,11,13,5,2 tahun lalu,-,0,https://www.google.com/maps/contrib/111577951571055421079/reviews?hl=id,"https://www.google.com/maps/reviews/@-7.311065,112.729017,17z/data=!3m1!4b1!4m6!14m5!1m4!2m3!1sChdDSUhNMG9nS0VJQ0FnSURlcklETGxBRRAB!2m1!1s0x0:0x4ceb8bb356c12235?hl=id&entry=ttu"
Gilang,Non Local Guide,1,,5,2 tahun lalu,-,0,https://www.google.com/maps/contrib/108254199245256819672/reviews?hl=id,"https://www.google.com/maps/reviews/@-7.311065,112.729017,17z/data=!3m1!4b1!4m6!14m5!1m4!2m3!1sChZDSUhNMG9nS0VJQ0FnSURlek9fV2ZREAE!2m1!1s0x0:0x4ceb8bb356c12235?hl=id&entry=ttu"
Darma Aji Sekar,Non Local Guide,2,1,3,2 tahun lalu,-,0,https://www.google.com/maps/contrib/115253526520387142625/reviews?hl=id,"https://www.google.com/maps/reviews/@-7.311065,112.729017,17z/data=!3m1!4b1!4m6!14m5!1m4!2m3!1sChdDSUhNMG9nS0VJQ0FnSURlNE91aXBBRRAB!2m1!1s0x0:0x4ceb8bb356c12235?hl=id&entry=ttu"
Ramsa Wika,Non Local Guide,2,,5,2 tahun lalu,-,0,https://www.google.com/maps/contrib/102405343590988111295/reviews?hl=id,"https://www.google.com/maps/reviews/@-7.311065,112.729017,17z/data=!3m1!4b1!4m6!14m5!1m4!2m3!1sChZDSUhNMG9nS0VJQ0FnSURlZ0t1ZEhnEAE!2m1!1s0x0:0x4ceb8bb356c12235?hl=id&entry=ttu"
Muhammad Luthfi,Local Guide,27,30,4,2 tahun lalu,-,0,https://www.google.com/maps/contrib/115576012058280130458/reviews?hl=id,"https://www.google.com/maps/reviews/@-7.311065,112.729017,17z/data=!3m1!4b1!4m6!14m5!1m4!2m3!1sChZDSUhNMG9nS0VJQ0FnSUNlcjVYTktREAE!2m1!1s0x0:0x4ceb8bb356c12235?hl=id&entry=ttu"
Sapruarua Rua,Local Guide,71,14,3,2 tahun lalu,-,0,https://www.google.com/maps/contrib/100571752231060099249/reviews?hl=id,"https://www.google.com/maps/reviews/@-7.311065,112.729017,17z/data=!3m1!4b1!4m6!14m5!1m4!2m3!1sChZDSUhNMG9nS0VJQ0FnSUNlb2RmeUdBEAE!2m1!1s0x0:0x4ceb8bb356c12235?hl=id&entry=ttu"
Tisa Arum,Non Local Guide,1,48,3,2 tahun lalu,-,0,https://www.google.com/maps/contrib/110419020500336605482/reviews?hl=id,"https://www.google.com/maps/reviews/@-7.311065,112.729017,17z/data=!3m1!4b1!4m6!14m5!1m4!2m3!1sChZDSUhNMG9nS0VJQ0FnSUNlX3RPOElBEAE!2m1!1s0x0:0x4ceb8bb356c12235?hl=id&entry=ttu"
Jufri Yadi,-,-,-,5,2 tahun lalu,-,0,https://www.google.com/maps/contrib/110537909557307730219/reviews?hl=id,"https://www.google.com/maps/reviews/@-7.311065,112.729017,17z/data=!3m1!4b1!4m6!14m5!1m4!2m3!1sChdDSUhNMG9nS0VJQ0FnSUNlMU0yOXR3RRAB!2m1!1s0x0:0x4ceb8bb356c12235?hl=id&entry=ttu"
Nurul Adhiyah,Non Local Guide,2,2,5,2 tahun lalu,-,0,https://www.google.com/maps/contrib/105919265246787970166/reviews?hl=id,"https://www.google.com/maps/reviews/@-7.311065,112.729017,17z/data=!3m1!4b1!4m6!14m5!1m4!2m3!1sChZDSUhNMG9nS0VJQ0FnSUNlbUsyUVF3EAE!2m1!1s0x0:0x4ceb8bb356c12235?hl=id&entry=ttu"
Intan Anggreita,-,-,-,5,2 tahun lalu,-,0,https://www.google.com/maps/contrib/112672642762226222215/reviews?hl=id,"https://www.google.com/maps/reviews/@-7.311065,112.729017,17z/data=!3m1!4b1!4m6!14m5!1m4!2m3!1sChdDSUhNMG9nS0VJQ0FnSUR1dy1TTGd3RRAB!2m1!1s0x0:0x4ceb8bb356c12235?hl=id&entry=ttu"
NisyaSeptikP SH,Local Guide,11,40,5,2 tahun lalu,-,0,https://www.google.com/maps/contrib/111803882179323698485/reviews?hl=id,"https://www.google.com/maps/reviews/@-7.311065,112.729017,17z/data=!3m1!4b1!4m6!14m5!1m4!2m3!1sChdDSUhNMG9nS0VJQ0FnSUR1M2VQb3FnRRAB!2m1!1s0x0:0x4ceb8bb356c12235?hl=id&entry=ttu"
Rizal Fathurrahman,Local Guide,25,79,5,2 tahun lalu,-,0,https://www.google.com/maps/contrib/103465966965481692839/reviews?hl=id,"https://www.google.com/maps/reviews/@-7.311065,112.729017,17z/data=!3m1!4b1!4m6!14m5!1m4!2m3!1sChdDSUhNMG9nS0VJQ0FnSUR1ak5xOXpRRRAB!2m1!1s0x0:0x4ceb8bb356c12235?hl=id&entry=ttu"
Hawwin Mardhiana,Non Local Guide,1,,5,2 tahun lalu,-,0,https://www.google.com/maps/contrib/105735903208933521042/reviews?hl=id,"https://www.google.com/maps/reviews/@-7.311065,112.729017,17z/data=!3m1!4b1!4m6!14m5!1m4!2m3!1sChRDSUhNMG9nS0VJQ0FnSUR1a01jahAB!2m1!1s0x0:0x4ceb8bb356c12235?hl=id&entry=ttu"
Evyra. R,Non Local Guide,3,1,5,2 tahun lalu,-,0,https://www.google.com/maps/contrib/117889353518800469733/reviews?hl=id,"https://www.google.com/maps/reviews/@-7.311065,112.729017,17z/data=!3m1!4b1!4m6!14m5!1m4!2m3!1sChZDSUhNMG9nS0VJQ0FnSUN1aVpYMmJ3EAE!2m1!1s0x0:0x4ceb8bb356c12235?hl=id&entry=ttu"
Hari Fitrianto Pribadi,Local Guide,10,12,5,2 tahun lalu,-,0,https://www.google.com/maps/contrib/107077990680428718414/reviews?hl=id,"https://www.google.com/maps/reviews/@-7.311065,112.729017,17z/data=!3m1!4b1!4m6!14m5!1m4!2m3!1sChZDSUhNMG9nS0VJQ0FnSUN1b2E3a2Z3EAE!2m1!1s0x0:0x4ceb8bb356c12235?hl=id&entry=ttu"
Indah Pasutri,Local Guide,76,2,5,2 tahun lalu,-,0,https://www.google.com/maps/contrib/105856475585469473408/reviews?hl=id,"https://www.google.com/maps/reviews/@-7.311065,112.729017,17z/data=!3m1!4b1!4m6!14m5!1m4!2m3!1sChdDSUhNMG9nS0VJQ0FnSUN1OUxtN2xnRRAB!2m1!1s0x0:0x4ceb8bb356c12235?hl=id&entry=ttu"
Walid Maulana H,Non Local Guide,4,1,5,2 tahun lalu,-,0,https://www.google.com/maps/contrib/100338163394514307790/reviews?hl=id,"https://www.google.com/maps/reviews/@-7.311065,112.729017,17z/data=!3m1!4b1!4m6!14m5!1m4!2m3!1sChdDSUhNMG9nS0VJQ0FnSUN1MUtuY3p3RRAB!2m1!1s0x0:0x4ceb8bb356c12235?hl=id&entry=ttu"
Rifqy Attaufi,Non Local Guide,13,,5,2 tahun lalu,-,0,https://www.google.com/maps/contrib/106441680505632037207/reviews?hl=id,"https://www.google.com/maps/reviews/@-7.311065,112.729017,17z/data=!3m1!4b1!4m6!14m5!1m4!2m3!1sChZDSUhNMG9nS0VJQ0FnSURPXzQ2c09nEAE!2m1!1s0x0:0x4ceb8bb356c12235?hl=id&entry=ttu"
Jiha -Kun,Non Local Guide,6,,5,2 tahun lalu,-,0,https://www.google.com/maps/contrib/114250049113384993550/reviews?hl=id,"https://www.google.com/maps/reviews/@-7.311065,112.729017,17z/data=!3m1!4b1!4m6!14m5!1m4!2m3!1sChZDSUhNMG9nS0VJQ0FnSURPN3Y3aGR3EAE!2m1!1s0x0:0x4ceb8bb356c12235?hl=id&entry=ttu"
rika nurnailli,Non Local Guide,1,,5,2 tahun lalu,-,0,https://www.google.com/maps/contrib/115161848251558242642/reviews?hl=id,"https://www.google.com/maps/reviews/@-7.311065,112.729017,17z/data=!3m1!4b1!4m6!14m5!1m4!2m3!1sChdDSUhNMG9nS0VJQ0FnSURPeHBHWnl3RRAB!2m1!1s0x0:0x4ceb8bb356c12235?hl=id&entry=ttu"
Marlin Linggarwati,Non Local Guide,,1,5,2 tahun lalu,-,0,https://www.google.com/maps/contrib/117858402606967960239/reviews?hl=id,"https://www.google.com/maps/reviews/@-7.311065,112.729017,17z/data=!3m1!4b1!4m6!14m5!1m4!2m3!1sChdDSUhNMG9nS0VJQ0FnSUQydGJhbHdRRRAB!2m1!1s0x0:0x4ceb8bb356c12235?hl=id&entry=ttu"
Tony Aldrige,Local Guide,15,87,5,2 tahun lalu,-,0,https://www.google.com/maps/contrib/102603770952078754497/reviews?hl=id,"https://www.google.com/maps/reviews/@-7.311065,112.729017,17z/data=!3m1!4b1!4m6!14m5!1m4!2m3!1sChdDSUhNMG9nS0VJQ0FnSUQyNnRHM21RRRAB!2m1!1s0x0:0x4ceb8bb356c12235?hl=id&entry=ttu"
Azura,Local Guide,6,7,5,2 tahun lalu,-,0,https://www.google.com/maps/contrib/112087248377020698558/reviews?hl=id,"https://www.google.com/maps/reviews/@-7.311065,112.729017,17z/data=!3m1!4b1!4m6!14m5!1m4!2m3!1sChZDSUhNMG9nS0VJQ0FnSUQyM0p1elpREAE!2m1!1s0x0:0x4ceb8bb356c12235?hl=id&entry=ttu"
Marjoko Marjoko,Local Guide,23,11,5,2 tahun lalu,-,0,https://www.google.com/maps/contrib/102573355115375201408/reviews?hl=id,"https://www.google.com/maps/reviews/@-7.311065,112.729017,17z/data=!3m1!4b1!4m6!14m5!1m4!2m3!1sChdDSUhNMG9nS0VJQ0FnSUMyNjdtMGh3RRAB!2m1!1s0x0:0x4ceb8bb356c12235?hl=id&entry=ttu"
Sedaap Candra,Non Local Guide,3,3,5,2 tahun lalu,-,0,https://www.google.com/maps/contrib/114578823831219389195/reviews?hl=id,"https://www.google.com/maps/reviews/@-7.311065,112.729017,17z/data=!3m1!4b1!4m6!14m5!1m4!2m3!1sChdDSUhNMG9nS0VJQ0FnSUMyNUlDX3lRRRAB!2m1!1s0x0:0x4ceb8bb356c12235?hl=id&entry=ttu"
Adam,Non Local Guide,6,,5,2 tahun lalu,-,0,https://www.google.com/maps/contrib/101372733641727818143/reviews?hl=id,"https://www.google.com/maps/reviews/@-7.311065,112.729017,17z/data=!3m1!4b1!4m6!14m5!1m4!2m3!1sChZDSUhNMG9nS0VJQ0FnSURXbjdTbldnEAE!2m1!1s0x0:0x4ceb8bb356c12235?hl=id&entry=ttu"
Arya Anwar,Local Guide,53,54,5,2 tahun lalu,-,0,https://www.google.com/maps/contrib/115119891660525982585/reviews?hl=id,"https://www.google.com/maps/reviews/@-7.311065,112.729017,17z/data=!3m1!4b1!4m6!14m5!1m4!2m3!1sChZDSUhNMG9nS0VJQ0FnSURXMjlfYUVREAE!2m1!1s0x0:0x4ceb8bb356c12235?hl=id&entry=ttu"
Prima Rahman,-,-,-,5,2 tahun lalu,-,0,https://www.google.com/maps/contrib/112963710918968669514/reviews?hl=id,"https://www.google.com/maps/reviews/@-7.311065,112.729017,17z/data=!3m1!4b1!4m6!14m5!1m4!2m3!1sChdDSUhNMG9nS0VJQ0FnSURXelpYY29nRRAB!2m1!1s0x0:0x4ceb8bb356c12235?hl=id&entry=ttu"
Haniyah Alka,Non Local Guide,1,,5,2 tahun lalu,-,0,https://www.google.com/maps/contrib/101629575883046334812/reviews?hl=id,"https://www.google.com/maps/reviews/@-7.311065,112.729017,17z/data=!3m1!4b1!4m6!14m5!1m4!2m3!1sChdDSUhNMG9nS0VJQ0FnSURXcGR6RHJRRRAB!2m1!1s0x0:0x4ceb8bb356c12235?hl=id&entry=ttu"
Rey Dylanza,Local Guide,14,6,5,2 tahun lalu,-,0,https://www.google.com/maps/contrib/109341933837188169253/reviews?hl=id,"https://www.google.com/maps/reviews/@-7.311065,112.729017,17z/data=!3m1!4b1!4m6!14m5!1m4!2m3!1sChdDSUhNMG9nS0VJQ0FnSUNXcjhqb2xRRRAB!2m1!1s0x0:0x4ceb8bb356c12235?hl=id&entry=ttu"
yoga PH,Non Local Guide,5,,5,2 tahun lalu,-,0,https://www.google.com/maps/contrib/100540097703831690938/reviews?hl=id,"https://www.google.com/maps/reviews/@-7.311065,112.729017,17z/data=!3m1!4b1!4m6!14m5!1m4!2m3!1sChZDSUhNMG9nS0VJQ0FnSURXMnM3T1h3EAE!2m1!1s0x0:0x4ceb8bb356c12235?hl=id&entry=ttu"
Wildan Arief,Local Guide,24,3,5,2 tahun lalu,-,0,https://www.google.com/maps/contrib/111509481352124624368/reviews?hl=id,"https://www.google.com/maps/reviews/@-7.311065,112.729017,17z/data=!3m1!4b1!4m6!14m5!1m4!2m3!1sChZDSUhNMG9nS0VJQ0FnSUNXMzhPM1lnEAE!2m1!1s0x0:0x4ceb8bb356c12235?hl=id&entry=ttu"
Farras Hanun Azizah,Non Local Guide,1,,5,2 tahun lalu,-,0,https://www.google.com/maps/contrib/111791653863578236082/reviews?hl=id,"https://www.google.com/maps/reviews/@-7.311065,112.729017,17z/data=!3m1!4b1!4m6!14m5!1m4!2m3!1sChZDSUhNMG9nS0VJQ0FnSUNXNjU2WmFnEAE!2m1!1s0x0:0x4ceb8bb356c12235?hl=id&entry=ttu"
Puji Rahayu,Non Local Guide,4,5,5,2 tahun lalu,-,0,https://www.google.com/maps/contrib/107698767276719729579/reviews?hl=id,"https://www.google.com/maps/reviews/@-7.311065,112.729017,17z/data=!3m1!4b1!4m6!14m5!1m4!2m3!1sChdDSUhNMG9nS0VJQ0FnSUNXZ19xZXJ3RRAB!2m1!1s0x0:0x4ceb8bb356c12235?hl=id&entry=ttu"
Rizal Reynaldi,Local Guide,28,9,5,2 tahun lalu,-,0,https://www.google.com/maps/contrib/101438574268210636366/reviews?hl=id,"https://www.google.com/maps/reviews/@-7.311065,112.729017,17z/data=!3m1!4b1!4m6!14m5!1m4!2m3!1sChZDSUhNMG9nS0VJQ0FnSUNXZ3YzM1dBEAE!2m1!1s0x0:0x4ceb8bb356c12235?hl=id&entry=ttu"
Teguh trimei Hartono,Local Guide,16,2,5,2 tahun lalu,-,0,https://www.google.com/maps/contrib/108973792630632202251/reviews?hl=id,"https://www.google.com/maps/reviews/@-7.311065,112.729017,17z/data=!3m1!4b1!4m6!14m5!1m4!2m3!1sChdDSUhNMG9nS0VJQ0FnSURtdjRIM3V3RRAB!2m1!1s0x0:0x4ceb8bb356c12235?hl=id&entry=ttu"
Nabiel Setiawan,Non Local Guide,1,14,5,2 tahun lalu,-,0,https://www.google.com/maps/contrib/118241357406379138644/reviews?hl=id,"https://www.google.com/maps/reviews/@-7.311065,112.729017,17z/data=!3m1!4b1!4m6!14m5!1m4!2m3!1sChZDSUhNMG9nS0VJQ0FnSURtdDRLZkFnEAE!2m1!1s0x0:0x4ceb8bb356c12235?hl=id&entry=ttu"
Alya Irsyadah Fadlila,Non Local Guide,1,,5,2 tahun lalu,-,0,https://www.google.com/maps/contrib/117486131858934853986/reviews?hl=id,"https://www.google.com/maps/reviews/@-7.311065,112.729017,17z/data=!3m1!4b1!4m6!14m5!1m4!2m3!1sChZDSUhNMG9nS0VJQ0FnSURtaThhT2F3EAE!2m1!1s0x0:0x4ceb8bb356c12235?hl=id&entry=ttu"
077_ M. alfreda yoga N,Non Local Guide,3,,4,2 tahun lalu,-,0,https://www.google.com/maps/contrib/103914952869389360600/reviews?hl=id,"https://www.google.com/maps/reviews/@-7.311065,112.729017,17z/data=!3m1!4b1!4m6!14m5!1m4!2m3!1sChdDSUhNMG9nS0VJQ0FnSURtNF9MaHZ3RRAB!2m1!1s0x0:0x4ceb8bb356c12235?hl=id&entry=ttu"
yudith iqbal,Local Guide,63,,5,2 tahun lalu,-,0,https://www.google.com/maps/contrib/116444375743726618096/reviews?hl=id,"https://www.google.com/maps/reviews/@-7.311065,112.729017,17z/data=!3m1!4b1!4m6!14m5!1m4!2m3!1sChdDSUhNMG9nS0VJQ0FnSURtLWFfczdnRRAB!2m1!1s0x0:0x4ceb8bb356c12235?hl=id&entry=ttu"
Ardi Dwi Saputra,Non Local Guide,2,,5,2 tahun lalu,-,0,https://www.google.com/maps/contrib/112658232711553558315/reviews?hl=id,"https://www.google.com/maps/reviews/@-7.311065,112.729017,17z/data=!3m1!4b1!4m6!14m5!1m4!2m3!1sChdDSUhNMG9nS0VJQ0FnSURtNmVlT3N3RRAB!2m1!1s0x0:0x4ceb8bb356c12235?hl=id&entry=ttu"
oezi al-aziz,Non Local Guide,23,29,5,2 tahun lalu,-,0,https://www.google.com/maps/contrib/101096849416679996893/reviews?hl=id,"https://www.google.com/maps/reviews/@-7.311065,112.729017,17z/data=!3m1!4b1!4m6!14m5!1m4!2m3!1sChdDSUhNMG9nS0VJQ0FnSURtN3JHbXF3RRAB!2m1!1s0x0:0x4ceb8bb356c12235?hl=id&entry=ttu"
Hernadimas A,-,-,-,5,2 tahun lalu,-,0,https://www.google.com/maps/contrib/116971195840988448107/reviews?hl=id,"https://www.google.com/maps/reviews/@-7.311065,112.729017,17z/data=!3m1!4b1!4m6!14m5!1m4!2m3!1sChZDSUhNMG9nS0VJQ0FnSURtNnZLYkN3EAE!2m1!1s0x0:0x4ceb8bb356c12235?hl=id&entry=ttu"
Belinda Agni helena,Non Local Guide,2,,5,2 tahun lalu,-,0,https://www.google.com/maps/contrib/114118691507248933195/reviews?hl=id,"https://www.google.com/maps/reviews/@-7.311065,112.729017,17z/data=!3m1!4b1!4m6!14m5!1m4!2m3!1sChZDSUhNMG9nS0VJQ0FnSURtOVA2eUpnEAE!2m1!1s0x0:0x4ceb8bb356c12235?hl=id&entry=ttu"
Rinie iin,Non Local Guide,9,13,5,2 tahun lalu,-,0,https://www.google.com/maps/contrib/105173230782080475099/reviews?hl=id,"https://www.google.com/maps/reviews/@-7.311065,112.729017,17z/data=!3m1!4b1!4m6!14m5!1m4!2m3!1sChdDSUhNMG9nS0VJQ0FnSURtaU1QVHNnRRAB!2m1!1s0x0:0x4ceb8bb356c12235?hl=id&entry=ttu"
Rohman Yulianto,Local Guide,100,43,5,2 tahun lalu,-,0,https://www.google.com/maps/contrib/114066181600223670604/reviews?hl=id,"https://www.google.com/maps/reviews/@-7.311065,112.729017,17z/data=!3m1!4b1!4m6!14m5!1m4!2m3!1sChZDSUhNMG9nS0VJQ0FnSUNtMTVhZVVREAE!2m1!1s0x0:0x4ceb8bb356c12235?hl=id&entry=ttu"
Charisma Ilham,-,-,-,5,2 tahun lalu,-,0,https://www.google.com/maps/contrib/110440867741080976203/reviews?hl=id,"https://www.google.com/maps/reviews/@-7.311065,112.729017,17z/data=!3m1!4b1!4m6!14m5!1m4!2m3!1sChZDSUhNMG9nS0VJQ0FnSUNtdzlUZk9REAE!2m1!1s0x0:0x4ceb8bb356c12235?hl=id&entry=ttu"
Adnin Diba,-,-,-,5,2 tahun lalu,-,0,https://www.google.com/maps/contrib/107070574227161479304/reviews?hl=id,"https://www.google.com/maps/reviews/@-7.311065,112.729017,17z/data=!3m1!4b1!4m6!14m5!1m4!2m3!1sChdDSUhNMG9nS0VJQ0FnSURHby1YV21RRRAB!2m1!1s0x0:0x4ceb8bb356c12235?hl=id&entry=ttu"
Maryanus Erwin,Non Local Guide,3,,5,2 tahun lalu,-,0,https://www.google.com/maps/contrib/111288307708623862177/reviews?hl=id,"https://www.google.com/maps/reviews/@-7.311065,112.729017,17z/data=!3m1!4b1!4m6!14m5!1m4!2m3!1sChZDSUhNMG9nS0VJQ0FnSUNHanFtRUV3EAE!2m1!1s0x0:0x4ceb8bb356c12235?hl=id&entry=ttu"
Teguh Purwanto,Local Guide,121,41,5,3 tahun lalu,-,0,https://www.google.com/maps/contrib/113721657830188333007/reviews?hl=id,"https://www.google.com/maps/reviews/@-7.311065,112.729017,17z/data=!3m1!4b1!4m6!14m5!1m4!2m3!1sChZDSUhNMG9nS0VJQ0FnSUQ2azVpTk1REAE!2m1!1s0x0:0x4ceb8bb356c12235?hl=id&entry=ttu"
Dewa Gede,Non Local Guide,2,,5,3 tahun lalu,-,0,https://www.google.com/maps/contrib/100140790354961669232/reviews?hl=id,"https://www.google.com/maps/reviews/@-7.311065,112.729017,17z/data=!3m1!4b1!4m6!14m5!1m4!2m3!1sChdDSUhNMG9nS0VJQ0FnSUM2X01EbnZBRRAB!2m1!1s0x0:0x4ceb8bb356c12235?hl=id&entry=ttu"
Alifiansyah,Local Guide,4,,5,3 tahun lalu,-,0,https://www.google.com/maps/contrib/104590891309675363558/reviews?hl=id,"https://www.google.com/maps/reviews/@-7.311065,112.729017,17z/data=!3m1!4b1!4m6!14m5!1m4!2m3!1sChZDSUhNMG9nS0VJQ0FnSURhNmVPMENBEAE!2m1!1s0x0:0x4ceb8bb356c12235?hl=id&entry=ttu"
Zea Vezka Naura,Local Guide,111,110,4,3 tahun lalu,-,0,https://www.google.com/maps/contrib/112888641465197155092/reviews?hl=id,"https://www.google.com/maps/reviews/@-7.311065,112.729017,17z/data=!3m1!4b1!4m6!14m5!1m4!2m3!1sChdDSUhNMG9nS0VJQ0FnSURhbW9PSzFRRRAB!2m1!1s0x0:0x4ceb8bb356c12235?hl=id&entry=ttu"
Yuni Qoriah Verdiana,Non Local Guide,1,4,5,3 tahun lalu,-,0,https://www.google.com/maps/contrib/112835781740198876774/reviews?hl=id,"https://www.google.com/maps/reviews/@-7.311065,112.729017,17z/data=!3m1!4b1!4m6!14m5!1m4!2m3!1sChZDSUhNMG9nS0VJQ0FnSUNxX3NlaVdnEAE!2m1!1s0x0:0x4ceb8bb356c12235?hl=id&entry=ttu"
Via Rahma,Local Guide,21,,5,3 tahun lalu,-,0,https://www.google.com/maps/contrib/115165211433571855876/reviews?hl=id,"https://www.google.com/maps/reviews/@-7.311065,112.729017,17z/data=!3m1!4b1!4m6!14m5!1m4!2m3!1sChZDSUhNMG9nS0VJQ0FnSURLMHZualJnEAE!2m1!1s0x0:0x4ceb8bb356c12235?hl=id&entry=ttu"
Teo Macho,Non Local Guide,,15,5,3 tahun lalu,-,0,https://www.google.com/maps/contrib/114094087375865676406/reviews?hl=id,"https://www.google.com/maps/reviews/@-7.311065,112.729017,17z/data=!3m1!4b1!4m6!14m5!1m4!2m3!1sChZDSUhNMG9nS0VJQ0FnSUNLOWN1MEFnEAE!2m1!1s0x0:0x4ceb8bb356c12235?hl=id&entry=ttu"
Visual Thinker,Local Guide,10,5,5,3 tahun lalu,-,0,https://www.google.com/maps/contrib/106427582708077720312/reviews?hl=id,"https://www.google.com/maps/reviews/@-7.311065,112.729017,17z/data=!3m1!4b1!4m6!14m5!1m4!2m3!1sChZDSUhNMG9nS0VJQ0FnSUR5LTRlU0dnEAE!2m1!1s0x0:0x4ceb8bb356c12235?hl=id&entry=ttu"
Dodik Wahyono,Non Local Guide,,1,5,4 tahun lalu,-,0,https://www.google.com/maps/contrib/114007483136829107364/reviews?hl=id,"https://www.google.com/maps/reviews/@-7.311065,112.729017,17z/data=!3m1!4b1!4m6!14m5!1m4!2m3!1sChZDSUhNMG9nS0VJQ0FnSURDNXY2bGFREAE!2m1!1s0x0:0x4ceb8bb356c12235?hl=id&entry=ttu"
Arsyaka Virendra,-,-,-,5,4 tahun lalu,-,0,https://www.google.com/maps/contrib/101667526993919997086/reviews?hl=id,"https://www.google.com/maps/reviews/@-7.311065,112.729017,17z/data=!3m1!4b1!4m6!14m5!1m4!2m3!1sChdDSUhNMG9nS0VJQ0FnSUNDajR6QjlBRRAB!2m1!1s0x0:0x4ceb8bb356c12235?hl=id&entry=ttu"
Shafira Amallia,Non Local Guide,9,2,5,4 tahun lalu,-,0,https://www.google.com/maps/contrib/106244170334438914829/reviews?hl=id,"https://www.google.com/maps/reviews/@-7.311065,112.729017,17z/data=!3m1!4b1!4m6!14m5!1m4!2m3!1sChZDSUhNMG9nS0VJQ0FnSUNDLThiMk13EAE!2m1!1s0x0:0x4ceb8bb356c12235?hl=id&entry=ttu"
Yosefan Alfeus,Local Guide,,8,5,4 tahun lalu,-,0,https://www.google.com/maps/contrib/110392395549834875535/reviews?hl=id,"https://www.google.com/maps/reviews/@-7.311065,112.729017,17z/data=!3m1!4b1!4m6!14m5!1m4!2m3!1sChdDSUhNMG9nS0VJQ0FnSUNDMVppU3BBRRAB!2m1!1s0x0:0x4ceb8bb356c12235?hl=id&entry=ttu"
Rafi Irzam,Non Local Guide,2,,5,4 tahun lalu,-,0,https://www.google.com/maps/contrib/114928178198262305503/reviews?hl=id,"https://www.google.com/maps/reviews/@-7.311065,112.729017,17z/data=!3m1!4b1!4m6!14m5!1m4!2m3!1sChdDSUhNMG9nS0VJQ0FnSUNDbWRTUm13RRAB!2m1!1s0x0:0x4ceb8bb356c12235?hl=id&entry=ttu"
Paramaditya Arismawati,Non Local Guide,1,2,5,4 tahun lalu,-,0,https://www.google.com/maps/contrib/109836098224155794428/reviews?hl=id,"https://www.google.com/maps/reviews/@-7.311065,112.729017,17z/data=!3m1!4b1!4m6!14m5!1m4!2m3!1sChdDSUhNMG9nS0VJQ0FnSUNjOWRiQmhBRRAB!2m1!1s0x0:0x4ceb8bb356c12235?hl=id&entry=ttu"
si itts,-,-,-,5,5 tahun lalu,-,0,https://www.google.com/maps/contrib/107267306127338838156/reviews?hl=id,"https://www.google.com/maps/reviews/@-7.311065,112.729017,17z/data=!3m1!4b1!4m6!14m5!1m4!2m3!1sChdDSUhNMG9nS0VJQ0FnSUNvMEpuZml3RRAB!2m1!1s0x0:0x4ceb8bb356c12235?hl=id&entry=ttu"
