Title,Rating,Price,Rating New,Review,Price New,Euro ke Rupiah
A Light in the Attic,Three,51.77,3,bolehlah,Mahal,880090.0
Tipping the Velvet,One,53.74,1,gak dulu,Mahal,913580.0
Soumission,One,50.1,1,gak dulu,Mahal,851700.0
Sharp Objects,Four,47.82,4,oke,Mahal,812940.0
Sapiens: A Brief History of Humankind,Five,54.23,5,uapik,Mahal,921910.0
The Requiem Red,One,22.65,1,gak dulu,Murah,385050.0
The Dirty Little Secrets of Getting Your Dream Job,Four,33.34,4,oke,Mahal,566780.0
"The Coming Woman: A Novel Based on the Life of the Infamous Feminist, Victoria Woodhull",Three,17.93,3,bolehlah,Murah,304810.0
The Boys in the Boat: Nine Americans and Their Epic Quest for Gold at the 1936 Berlin Olympics,Four,22.6,4,oke,Murah,384200.0
The Black Maria,One,52.15,1,gak dulu,Mahal,886550.0
"Starving Hearts (Triangular Trade Trilogy, #1)",Two,13.99,2,hmmm,Murah,237830.0
Shakespeare's Sonnets,Four,20.66,4,oke,Murah,351220.0
Set Me Free,Five,17.46,5,uapik,Murah,296820.0
Scott Pilgrim's Precious Little Life (Scott Pilgrim #1),Five,52.29,5,uapik,Mahal,888930.0
Rip it Up and Start Again,Five,35.02,5,uapik,Mahal,595340.0
"Our Band Could Be Your Life: Scenes from the American Indie Underground, 1981-1991",Three,57.25,3,bolehlah,Mahal,973250.0
Olio,One,23.88,1,gak dulu,Murah,405960.0
Mesaerion: The Best Science Fiction Stories 1800-1849,One,37.59,1,gak dulu,Mahal,639030.0
Libertarianism for Beginners,Two,51.33,2,hmmm,Mahal,872610.0
It's Only the Himalayas,Two,45.17,2,hmmm,Mahal,767890.0
In Her Wake,One,12.84,1,gak dulu,Murah,218280.0
How Music Works,Two,37.32,2,hmmm,Mahal,634440.0
"Foolproof Preserving: A Guide to Small Batch Jams, Jellies, Pickles, Condiments, and More: A Foolproof Guide to Making Small Batch Jams, Jellies, Pickles, Condiments, and More",Three,30.52,3,bolehlah,Mahal,518840.0
Chase Me (Paris Nights #2),Five,25.27,5,uapik,Murah,429590.0
Black Dust,Five,34.53,5,uapik,Mahal,587010.0
Birdsong: A Story in Pictures,Three,54.64,3,bolehlah,Mahal,928880.0
America's Cradle of Quarterbacks: Western Pennsylvania's Football Factory from Johnny Unitas to Joe Montana,Three,22.5,3,bolehlah,Murah,382500.0
Aladdin and His Wonderful Lamp,Three,53.13,3,bolehlah,Mahal,903210.0
Worlds Elsewhere: Journeys Around Shakespeare’s Globe,Five,40.3,5,uapik,Mahal,685100.0
Wall and Piece,Four,44.18,4,oke,Mahal,751060.0
The Four Agreements: A Practical Guide to Personal Freedom,Five,17.66,5,uapik,Murah,300220.0
The Five Love Languages: How to Express Heartfelt Commitment to Your Mate,Three,31.05,3,bolehlah,Mahal,527850.0
The Elephant Tree,Five,23.82,5,uapik,Murah,404940.0
The Bear and the Piano,One,36.89,1,gak dulu,Mahal,627130.0
Sophie's World,Five,15.94,5,uapik,Murah,270980.0
Penny Maybe,Three,33.29,3,bolehlah,Mahal,565930.0
Maude (1883-1993):She Grew Up with the country,Two,18.02,2,hmmm,Murah,306340.0
"In a Dark, Dark Wood",One,19.63,1,gak dulu,Murah,333710.0
Behind Closed Doors,Four,52.22,4,oke,Mahal,887740.0
You can't bury them all: Poems,Two,33.63,2,hmmm,Mahal,571710.0
Slow States of Collapse: Poems,Three,57.31,3,bolehlah,Mahal,974270.0
Reasons to Stay Alive,Two,26.41,2,hmmm,Murah,448970.0
Private Paris (Private #10),Five,47.61,5,uapik,Mahal,809370.0
#HigherSelfie: Wake Up Your Life. Free Your Soul. Find Your Tribe.,Five,23.11,5,uapik,Murah,392870.0
Without Borders (Wanderlove #1),Two,45.07,2,hmmm,Mahal,766190.0
When We Collided,One,31.77,1,gak dulu,Mahal,540090.0
"We Love You, Charlie Freeman",Five,50.27,5,uapik,Mahal,854590.0
Untitled Collection: Sabbath Poems 2014,Four,14.27,4,oke,Murah,242590.0
"Unseen City: The Majesty of Pigeons, the Discreet Charm of Snails & Other Wonders of the Urban Wilderness",Four,44.18,4,oke,Mahal,751060.0
Unicorn Tracks,Three,18.78,3,bolehlah,Murah,319260.0
"Unbound: How Eight Technologies Made Us Human, Transformed Society, and Brought Our World to the Brink",One,25.52,1,gak dulu,Murah,433840.0
Tsubasa: WoRLD CHRoNiCLE 2 (Tsubasa WoRLD CHRoNiCLE #2),One,16.28,1,gak dulu,Murah,276760.0
Throwing Rocks at the Google Bus: How Growth Became the Enemy of Prosperity,Three,31.12,3,bolehlah,Mahal,529040.0
This One Summer,Four,19.49,4,oke,Murah,331330.0
Thirst,Five,17.27,5,uapik,Murah,293590.0
The Torch Is Passed: A Harding Family Story,One,19.09,1,gak dulu,Murah,324530.0
The Secret of Dreadwillow Carse,One,56.13,1,gak dulu,Mahal,954210.0
"The Pioneer Woman Cooks: Dinnertime: Comfort Classics, Freezer Food, 16-Minute Meals, and Other Delicious Ways to Solve Supper!",One,56.41,1,gak dulu,Mahal,958970.0
The Past Never Ends,Four,56.5,4,oke,Mahal,960500.0
The Natural History of Us (The Fine Art of Pretending #2),Three,45.22,3,bolehlah,Mahal,768740.0
The Nameless City (The Nameless City #1),Four,38.16,4,oke,Mahal,648720.0
The Murder That Never Was (Forensic Instincts #5),Three,54.11,3,bolehlah,Mahal,919870.0
The Most Perfect Thing: Inside (and Outside) a Bird's Egg,Four,42.96,4,oke,Mahal,730320.0
"The Mindfulness and Acceptance Workbook for Anxiety: A Guide to Breaking Free from Anxiety, Phobias, and Worry Using Acceptance and Commitment Therapy",Four,23.89,4,oke,Murah,406130.0
The Life-Changing Magic of Tidying Up: The Japanese Art of Decluttering and Organizing,Three,16.77,3,bolehlah,Murah,285090.0
"The Inefficiency Assassin: Time Management Tactics for Working Smarter, Not Longer",Five,20.59,5,uapik,Murah,350030.0
The Gutsy Girl: Escapades for Your Life of Epic Adventure,One,37.13,1,gak dulu,Mahal,631210.0
The Electric Pencil: Drawings from Inside State Hospital No. 3,One,56.06,1,gak dulu,Mahal,953020.0
The Death of Humanity: and the Case for Life,Four,58.11,4,oke,Mahal,987870.0
"The Bulletproof Diet: Lose up to a Pound a Day, Reclaim Energy and Focus, Upgrade Your Life",Three,49.05,3,bolehlah,Mahal,833850.0
The Art Forger,Three,40.76,3,bolehlah,Mahal,692920.0
The Age of Genius: The Seventeenth Century and the Birth of the Modern Mind,One,19.73,1,gak dulu,Murah,335410.0
The Activist's Tao Te Ching: Ancient Advice for a Modern Revolution,Five,32.24,5,uapik,Mahal,548080.0
Spark Joy: An Illustrated Master Class on the Art of Organizing and Tidying Up,Four,41.83,4,oke,Mahal,711110.0
Soul Reader,Two,39.58,2,hmmm,Mahal,672860.0
Security,Two,39.25,2,hmmm,Mahal,667250.0
"Saga, Volume 6 (Saga (Collected Editions) #6)",Three,25.02,3,bolehlah,Murah,425340.0
"Saga, Volume 5 (Saga (Collected Editions) #5)",Two,51.04,2,hmmm,Mahal,867680.0
Reskilling America: Learning to Labor in the Twenty-First Century,Two,19.83,2,hmmm,Murah,337110.0
"Rat Queens, Vol. 3: Demons (Rat Queens (Collected Editions) #11-15)",Three,50.4,3,bolehlah,Mahal,856800.0
"Princess Jellyfish 2-in-1 Omnibus, Vol. 01 (Princess Jellyfish 2-in-1 Omnibus #1)",Five,13.61,5,uapik,Murah,231370.0
Princess Between Worlds (Wide-Awake Princess #5),Five,13.34,5,uapik,Murah,226780.0
"Pop Gun War, Volume 1: Gift",One,18.97,1,gak dulu,Murah,322490.0
"Political Suicide: Missteps, Peccadilloes, Bad Calls, Backroom Hijinx, Sordid Pasts, Rotten Breaks, and Just Plain Dumb Mistakes in the Annals of American Politics",Two,36.28,2,hmmm,Mahal,616760.0
Patience,Three,10.16,3,bolehlah,Murah,172720.0
"Outcast, Vol. 1: A Darkness Surrounds Him (Outcast #1)",Four,15.44,4,oke,Murah,262480.0
orange: The Complete Collection 1 (orange: The Complete Collection #1),One,48.41,1,gak dulu,Mahal,822970.0
Online Marketing for Busy Authors: A Step-By-Step Guide,One,46.35,1,gak dulu,Mahal,787950.0
On a Midnight Clear,Three,14.07,3,bolehlah,Murah,239190.0
Obsidian (Lux #1),Two,14.86,2,hmmm,Murah,252620.0
My Paris Kitchen: Recipes and Stories,Two,33.37,2,hmmm,Mahal,567290.0
Masks and Shadows,Two,56.4,2,hmmm,Mahal,958800.0
"Mama Tried: Traditional Italian Cooking for the Screwed, Crude, Vegan, and Tattooed",Four,14.02,4,oke,Murah,238340.0
"Lumberjanes, Vol. 2: Friendship to the Max (Lumberjanes #5-8)",Two,46.91,2,hmmm,Mahal,797470.0
"Lumberjanes, Vol. 1: Beware the Kitten Holy (Lumberjanes #1-4)",Three,45.61,3,bolehlah,Mahal,775370.0
Lumberjanes Vol. 3: A Terrible Plan (Lumberjanes #9-12),Two,19.92,2,hmmm,Murah,338640.0
"Layered: Baking, Building, and Styling Spectacular Cakes",One,40.11,1,gak dulu,Mahal,681870.0
Judo: Seven Steps to Black Belt (an Introductory Guide for Beginners),Two,53.9,2,hmmm,Mahal,916300.0
Join,Five,35.67,5,uapik,Mahal,606390.0
In the Country We Love: My Family Divided,Four,22.0,4,oke,Murah,374000.0
Immunity: How Elie Metchnikoff Changed the Course of Modern Medicine,Five,57.36,5,uapik,Mahal,975120.0
"I Hate Fairyland, Vol. 1: Madly Ever After (I Hate Fairyland (Compilations) #1-5)",Two,29.17,2,hmmm,Standar,495890.0
I am a Hero Omnibus Volume 1,Three,54.63,3,bolehlah,Mahal,928710.0
How to Be Miserable: 40 Strategies You Already Use,One,46.03,1,gak dulu,Mahal,782510.0
Her Backup Boyfriend (The Sorensen Family #1),One,33.97,1,gak dulu,Mahal,577490.0
"Giant Days, Vol. 2 (Giant Days #5-8)",Two,22.11,2,hmmm,Murah,375870.0
Forever and Forever: The Courtship of Henry Longfellow and Fanny Appleton,Three,29.69,3,bolehlah,Standar,504730.0
First and First (Five Boroughs #3),Four,15.97,4,oke,Murah,271490.0
Fifty Shades Darker (Fifty Shades #2),One,21.96,1,gak dulu,Murah,373320.0
Everydata: The Misinformation Hidden in the Little Data You Consume Every Day,Two,54.35,2,hmmm,Mahal,923950.0
"Don't Be a Jerk: And Other Practical Advice from Dogen, Japan's Greatest Zen Master",Two,37.97,2,hmmm,Mahal,645490.0
Danganronpa Volume 1,Four,51.99,4,oke,Mahal,883830.0
Crown of Midnight (Throne of Glass #2),Three,43.29,3,bolehlah,Mahal,735930.0
"Codename Baboushka, Volume 1: The Conclave of Death",Four,36.72,4,oke,Mahal,624240.0
Camp Midnight,Four,17.08,4,oke,Murah,290360.0
Call the Nurse: True Stories of a Country Nurse on a Scottish Isle,Five,29.14,5,uapik,Standar,495380.0
Burning,Three,28.81,3,bolehlah,Murah,489770.0
Bossypants,Two,49.46,2,hmmm,Mahal,840820.0
"Bitch Planet, Vol. 1: Extraordinary Machine (Bitch Planet (Collected Editions))",Two,37.92,2,hmmm,Mahal,644640.0
"Avatar: The Last Airbender: Smoke and Shadow, Part 3 (Smoke and Shadow #3)",Two,28.09,2,hmmm,Murah,477530.0
Algorithms to Live By: The Computer Science of Human Decisions,One,30.81,1,gak dulu,Mahal,523770.0
A World of Flavor: Your Gluten Free Passport,One,42.95,1,gak dulu,Mahal,730150.0
"A Piece of Sky, a Grain of Rice: A Memoir in Four Meditations",Five,56.76,5,uapik,Mahal,964920.0
A Murder in Time,One,16.64,1,gak dulu,Murah,282880.0
A Flight of Arrows (The Pathfinders #2),Five,55.53,5,uapik,Mahal,944010.0
A Fierce and Subtle Poison,Four,28.13,4,oke,Murah,478210.0
A Court of Thorns and Roses (A Court of Thorns and Roses #1),One,52.37,1,gak dulu,Mahal,890290.0
(Un)Qualified: How God Uses Broken People to Do Big Things,Five,54.0,5,uapik,Mahal,918000.0
You Are What You Love: The Spiritual Power of Habit,Four,21.87,4,oke,Murah,371790.0
"William Shakespeare's Star Wars: Verily, A New Hope (William Shakespeare's Star Wars #4)",Four,43.3,4,oke,Mahal,736100.0
Tuesday Nights in 1980,Two,21.04,2,hmmm,Murah,357680.0
Tracing Numbers on a Train,Three,41.6,3,bolehlah,Mahal,707200.0
Throne of Glass (Throne of Glass #1),Three,35.07,3,bolehlah,Mahal,596190.0
Thomas Jefferson and the Tripoli Pirates: The Forgotten War That Changed American History,One,59.64,1,gak dulu,Mahal,1013880.0
Thirteen Reasons Why,One,52.72,1,gak dulu,Mahal,896240.0
The White Cat and the Monk: A Retelling of the Poem “Pangur Bán”,Four,58.08,4,oke,Mahal,987360.0
The Wedding Dress,One,24.12,1,gak dulu,Murah,410040.0
The Vacationers,Four,42.15,4,oke,Mahal,716550.0
The Third Wave: An Entrepreneur’s Vision of the Future,Five,12.61,5,uapik,Murah,214370.0
The Stranger,Four,17.44,4,oke,Murah,296480.0
The Shadow Hero (The Shadow Hero),One,33.14,1,gak dulu,Mahal,563380.0
The Secret (The Secret #1),Four,27.37,4,oke,Murah,465290.0
The Regional Office Is Under Attack!,Five,51.36,5,uapik,Mahal,873120.0
The Psychopath Test: A Journey Through the Madness Industry,Two,36.0,2,hmmm,Mahal,612000.0
The Project,One,10.65,1,gak dulu,Murah,181050.0
The Power of Now: A Guide to Spiritual Enlightenment,Two,43.54,2,hmmm,Mahal,740180.0
The Omnivore's Dilemma: A Natural History of Four Meals,Two,38.21,2,hmmm,Mahal,649570.0
The Nerdy Nummies Cookbook: Sweet Treats for the Geek in All of Us,Five,37.34,5,uapik,Mahal,634780.0
The Murder of Roger Ackroyd (Hercule Poirot #4),Four,44.1,4,oke,Mahal,749700.0
The Mistake (Off-Campus #2),Three,43.29,3,bolehlah,Mahal,735930.0
The Matchmaker's Playbook (Wingmen Inc. #1),One,55.85,1,gak dulu,Mahal,949450.0
The Love and Lemons Cookbook: An Apple-to-Zucchini Celebration of Impromptu Cooking,Two,37.6,2,hmmm,Mahal,639200.0
The Long Shadow of Small Ghosts: Murder and Memory in an American City,One,10.97,1,gak dulu,Murah,186490.0
The Kite Runner,Four,41.82,4,oke,Mahal,710940.0
The House by the Lake,One,36.95,1,gak dulu,Mahal,628150.0
The Glittering Court (The Glittering Court #1),One,44.28,1,gak dulu,Mahal,752760.0
The Girl on the Train,Two,55.02,2,hmmm,Mahal,935340.0
The Genius of Birds,One,17.24,1,gak dulu,Murah,293080.0
The Emerald Mystery,Two,23.15,2,hmmm,Murah,393550.0
The Cookies & Cups Cookbook: 125+ sweet & savory recipes reminding you to Always Eat Dessert First,One,41.25,1,gak dulu,Mahal,701250.0
The Bridge to Consciousness: I'm Writing the Bridge Between Science and Our Old and New Beliefs.,Three,32.0,3,bolehlah,Mahal,544000.0
The Artist's Way: A Spiritual Path to Higher Creativity,Five,38.49,5,uapik,Mahal,654330.0
The Art of War,Five,33.34,5,uapik,Mahal,566780.0
The Argonauts,Two,10.93,2,hmmm,Murah,185810.0
The 10% Entrepreneur: Live Your Startup Dream Without Quitting Your Day Job,Three,27.55,3,bolehlah,Murah,468350.0
Suddenly in Love (Lake Haven #1),Two,55.99,2,hmmm,Mahal,951830.0
Something More Than This,Four,16.24,4,oke,Murah,276080.0
Soft Apocalypse,Two,26.12,2,hmmm,Murah,444040.0
So You've Been Publicly Shamed,Two,12.23,2,hmmm,Murah,207910.0
Shoe Dog: A Memoir by the Creator of NIKE,Two,23.99,2,hmmm,Murah,407830.0
"Shobu Samurai, Project Aryoku (#3)",Three,29.06,3,bolehlah,Standar,494020.0
Secrets and Lace (Fatal Hearts #1),One,20.27,1,gak dulu,Murah,344590.0
Scarlett Epstein Hates It Here,Five,43.55,5,uapik,Mahal,740350.0
Romero and Juliet: A Tragic Tale of Love and Zombies,One,36.94,1,gak dulu,Mahal,627980.0
Redeeming Love,Five,20.47,5,uapik,Murah,347990.0
Poses for Artists Volume 1 - Dynamic and Sitting Poses: An Essential Reference for Figure Drawing and the Human Form,One,41.06,1,gak dulu,Mahal,698020.0
Poems That Make Grown Women Cry,Four,14.19,4,oke,Murah,241230.0
"Nightingale, Sing",One,38.28,1,gak dulu,Mahal,650760.0
Night Sky with Exit Wounds,One,41.05,1,gak dulu,Mahal,697850.0
Mrs. Houdini,Five,30.25,5,uapik,Mahal,514250.0
Modern Romance,Five,28.26,5,uapik,Murah,480420.0
Miss Peregrine’s Home for Peculiar Children (Miss Peregrine’s Peculiar Children #1),One,10.76,1,gak dulu,Murah,182920.0
Louisa: The Extraordinary Life of Mrs. Adams,Two,16.85,2,hmmm,Murah,286450.0
Little Red,Three,13.47,3,bolehlah,Murah,228990.0
Library of Souls (Miss Peregrine’s Peculiar Children #3),Five,48.56,5,uapik,Mahal,825520.0
Large Print Heart of the Pride,Two,19.15,2,hmmm,Murah,325550.0
I Had a Nice Time And Other Lies...: How to find love & sh*t like that,Four,57.36,4,oke,Mahal,975120.0
Hollow City (Miss Peregrine’s Peculiar Children #2),One,42.98,1,gak dulu,Mahal,730660.0
Grumbles,Two,22.16,2,hmmm,Murah,376720.0
Full Moon over Noah’s Ark: An Odyssey to Mount Ararat and Beyond,Four,49.43,4,oke,Mahal,840310.0
Frostbite (Vampire Academy #2),Five,29.99,5,uapik,Standar,509830.0
Follow You Home,One,21.36,1,gak dulu,Murah,363120.0
First Steps for New Christians (Print Edition),One,29.0,1,gak dulu,Standar,493000.0
Finders Keepers (Bill Hodges Trilogy #2),Five,53.53,5,uapik,Mahal,910010.0
"Fables, Vol. 1: Legends in Exile (Fables #1)",Four,41.62,4,oke,Mahal,707540.0
Eureka Trivia 6.0,Four,54.59,4,oke,Mahal,928030.0
Drive: The Surprising Truth About What Motivates Us,Four,34.95,4,oke,Mahal,594150.0
Done Rubbed Out (Reightman & Bailey #1),Five,37.72,5,uapik,Mahal,641240.0
Doing It Over (Most Likely To #1),Three,35.61,3,bolehlah,Mahal,605370.0
"Deliciously Ella Every Day: Quick and Easy Recipes for Gluten-Free Snacks, Packed Lunches, and Simple Meals",Three,42.16,3,bolehlah,Mahal,716720.0
Dark Notes,Five,19.19,5,uapik,Murah,326230.0
"Daring Greatly: How the Courage to Be Vulnerable Transforms the Way We Live, Love, Parent, and Lead",Three,19.43,3,bolehlah,Murah,330310.0
Close to You,Four,49.46,4,oke,Mahal,840820.0
Chasing Heaven: What Dying Taught Me About Living,Two,37.8,2,hmmm,Mahal,642600.0
Big Magic: Creative Living Beyond Fear,Three,30.8,3,bolehlah,Mahal,523600.0
Becoming Wise: An Inquiry into the Mystery and Art of Living,Two,27.43,2,hmmm,Murah,466310.0
Beauty Restored (Riley Family Legacy Novellas #3),Two,11.11,2,hmmm,Murah,188870.0
Batman: The Long Halloween (Batman),Two,36.5,2,hmmm,Mahal,620500.0
Batman: The Dark Knight Returns (Batman),Five,15.38,5,uapik,Murah,261460.0
Ayumi's Violin,Two,15.48,2,hmmm,Murah,263160.0
Anonymous,Four,46.82,4,oke,Mahal,795940.0
Amy Meets the Saints and Sages,Three,18.46,3,bolehlah,Murah,313820.0
Amid the Chaos,One,36.58,1,gak dulu,Mahal,621860.0
Amatus,Five,50.54,5,uapik,Mahal,859180.0
Agnostic: A Spirited Manifesto,Five,12.51,5,uapik,Murah,212670.0
Zealot: The Life and Times of Jesus of Nazareth,Three,24.7,3,bolehlah,Murah,419900.0
You (You #1),Five,43.61,5,uapik,Mahal,741370.0
"Wonder Woman: Earth One, Volume One (Wonder Woman: Earth One #1)",Four,37.34,4,oke,Mahal,634780.0
Wild Swans,Two,14.36,2,hmmm,Murah,244120.0
Why the Right Went Wrong: Conservatism--From Goldwater to the Tea Party and Beyond,Four,52.65,4,oke,Mahal,895050.0
Whole Lotta Creativity Going On: 60 Fun and Unusual Exercises to Awaken and Strengthen Your Creativity,Four,38.2,4,oke,Mahal,649400.0
What's It Like in Space?: Stories from Astronauts Who've Been There,Two,19.6,2,hmmm,Murah,333200.0
"We Are Robin, Vol. 1: The Vigilante Business (We Are Robin #1)",One,53.9,1,gak dulu,Mahal,916300.0
Walt Disney's Alice in Wonderland,Five,12.96,5,uapik,Murah,220320.0
V for Vendetta (V for Vendetta Complete),Four,37.1,4,oke,Mahal,630700.0
Until Friday Night (The Field Party #1),Two,46.31,2,hmmm,Mahal,787270.0
"Unbroken: A World War II Story of Survival, Resilience, and Redemption",Two,45.95,2,hmmm,Mahal,781150.0
Twenty Yawns,Two,22.08,2,hmmm,Murah,375360.0
Through the Woods,Two,25.38,2,hmmm,Murah,431460.0
This Is Where It Ends,Two,27.12,2,hmmm,Murah,461040.0
The Year of Magical Thinking,Two,43.04,2,hmmm,Mahal,731680.0
The Wright Brothers,Four,56.8,4,oke,Mahal,965600.0
The White Queen (The Cousins' War #1),Five,25.91,5,uapik,Murah,440470.0
The Wedding Pact (The O'Malleys #2),Three,32.61,3,bolehlah,Mahal,554370.0
The Time Keeper,Five,27.88,5,uapik,Murah,473960.0
The Testament of Mary,Four,52.67,4,oke,Mahal,895390.0
The Star-Touched Queen,Five,46.02,5,uapik,Mahal,782340.0
The Songs of the Gods,Five,44.48,5,uapik,Mahal,756160.0
The Song of Achilles,Five,37.4,5,uapik,Mahal,635800.0
The Rosie Project (Don Tillman #1),One,54.04,1,gak dulu,Mahal,918680.0
The Power of Habit: Why We Do What We Do in Life and Business,Three,16.88,3,bolehlah,Murah,286960.0
The Marriage of Opposites,Four,28.08,4,oke,Murah,477360.0
The Lucifer Effect: Understanding How Good People Turn Evil,One,10.4,1,gak dulu,Murah,176800.0
The Long Haul (Diary of a Wimpy Kid #9),One,44.07,1,gak dulu,Mahal,749190.0
The Loney,One,23.4,1,gak dulu,Murah,397800.0
The Literature Book (Big Ideas Simply Explained),Three,17.43,3,bolehlah,Murah,296310.0
The Last Mile (Amos Decker #2),Two,54.21,2,hmmm,Mahal,921570.0
The Immortal Life of Henrietta Lacks,Two,40.67,2,hmmm,Mahal,691390.0
The Hidden Oracle (The Trials of Apollo #1),Two,52.26,2,hmmm,Mahal,888420.0
The Help Yourself Cookbook for Kids: 60 Easy Plant-Based Recipes Kids Can Make to Stay Healthy and Save the Earth,Three,28.77,3,bolehlah,Murah,489090.0
The Guilty (Will Robie #4),Two,13.82,2,hmmm,Murah,234940.0
The First Hostage (J.B. Collins #2),Three,25.85,3,bolehlah,Murah,439450.0
The Dovekeepers,One,48.78,1,gak dulu,Mahal,829260.0
The Darkest Lie,Five,35.35,5,uapik,Mahal,600950.0
The Bane Chronicles (The Bane Chronicles #1-11),Four,44.73,4,oke,Mahal,760410.0
The Bad-Ass Librarians of Timbuktu: And Their Race to Save the World’s Most Precious Manuscripts,One,15.77,1,gak dulu,Murah,268090.0
The 14th Colony (Cotton Malone #11),One,39.24,1,gak dulu,Mahal,667080.0
That Darkness (Gardiner and Renner #1),One,13.92,1,gak dulu,Murah,236640.0
Tastes Like Fear (DI Marnie Rome #3),One,10.69,1,gak dulu,Murah,181730.0
Take Me with You,Three,45.21,3,bolehlah,Mahal,768570.0
Swell: A Year of Waves,One,45.58,1,gak dulu,Mahal,774860.0
Superman Vol. 1: Before Truth (Superman by Gene Luen Yang #1),Five,11.89,5,uapik,Murah,202130.0
Still Life with Bread Crumbs,Three,26.41,3,bolehlah,Murah,448970.0
Steve Jobs,Five,39.5,5,uapik,Mahal,671500.0
Sorting the Beef from the Bull: The Science of Food Fraud Forensics,Four,44.74,4,oke,Mahal,760580.0
Someone Like You (The Harrisons #2),Five,52.79,5,uapik,Mahal,897430.0
"So Cute It Hurts!!, Vol. 6 (So Cute It Hurts!! #6)",Four,35.43,4,oke,Mahal,602310.0
Shtum,Four,55.84,4,oke,Mahal,949280.0
See America: A Celebration of Our National Parks & Treasured Sites,Three,48.87,3,bolehlah,Mahal,830790.0
salt.,Four,46.78,4,oke,Mahal,795260.0
Robin War,Three,47.82,3,bolehlah,Mahal,812940.0
"Red Hood/Arsenal, Vol. 1: Open for Business (Red Hood/Arsenal #1)",Two,25.48,2,hmmm,Murah,433160.0
Rain Fish,Three,23.57,3,bolehlah,Murah,400690.0
"Quarter Life Poetry: Poems for the Young, Broke and Hangry",Five,50.89,5,uapik,Mahal,865130.0
Pet Sematary,Three,10.56,3,bolehlah,Murah,179520.0
"Overload: How to Unplug, Unwind, and Unleash Yourself from the Pressure of Stress",Three,52.15,3,bolehlah,Mahal,886550.0
Once Was a Time,Two,18.28,2,hmmm,Murah,310760.0
Old School (Diary of a Wimpy Kid #10),Five,11.83,5,uapik,Murah,201110.0
No Dream Is Too High: Life Lessons From a Man Who Walked on the Moon,Two,21.95,2,hmmm,Murah,373150.0
"Naruto (3-in-1 Edition), Vol. 14: Includes Vols. 40, 41 & 42 (Naruto: Omnibus #14)",Two,38.39,2,hmmm,Mahal,652630.0
My Name Is Lucy Barton,One,41.56,1,gak dulu,Mahal,706520.0
My Mrs. Brown,Three,24.48,3,bolehlah,Murah,416160.0
My Kind of Crazy,One,40.36,1,gak dulu,Mahal,686120.0
Mr. Mercedes (Bill Hodges Trilogy #1),One,28.9,1,gak dulu,Murah,491300.0
More Than Music (Chasing the Dream #1),Two,37.61,2,hmmm,Mahal,639370.0
Made to Stick: Why Some Ideas Survive and Others Die,Five,38.85,5,uapik,Mahal,660450.0
Luis Paints the World,Three,53.95,3,bolehlah,Mahal,917150.0
Luckiest Girl Alive,Three,49.83,3,bolehlah,Mahal,847110.0
Lowriders to the Center of the Earth (Lowriders in Space #2),Two,51.51,2,hmmm,Mahal,875670.0
Love Is a Mix Tape (Music #1),One,18.03,1,gak dulu,Murah,306510.0
Looking for Lovely: Collecting the Moments that Matter,Five,29.14,5,uapik,Standar,495380.0
"Living Leadership by Insight: A Good Leader Achieves, a Great Leader Builds Monuments",Four,46.91,4,oke,Mahal,797470.0
Let It Out: A Journey Through Journaling,Five,26.79,5,uapik,Murah,455430.0
Lady Midnight (The Dark Artifices #1),Five,16.28,5,uapik,Murah,276760.0
"It's All Easy: Healthy, Delicious Weeknight Meals in under 30 Minutes",One,19.55,1,gak dulu,Murah,332350.0
Island of Dragons (Unwanteds #7),One,29.65,1,gak dulu,Standar,504050.0
I Know What I'm Doing -- and Other Lies I Tell Myself: Dispatches from a Life Under Construction,Four,25.98,4,oke,Murah,441660.0
I Am Pilgrim (Pilgrim #1),Four,10.6,4,oke,Murah,180200.0
"Hyperbole and a Half: Unfortunate Situations, Flawed Coping Mechanisms, Mayhem, and Other Things That Happened",Five,14.75,5,uapik,Murah,250750.0
"Hush, Hush (Hush, Hush #1)",Three,47.02,3,bolehlah,Mahal,799340.0
Hold Your Breath (Search and Rescue #1),One,28.82,1,gak dulu,Murah,489940.0
Hamilton: The Revolution,Three,58.79,3,bolehlah,Mahal,999430.0
Greek Mythic History,Five,10.23,5,uapik,Murah,173910.0
God: The Most Unpleasant Character in All Fiction,Five,30.03,5,uapik,Mahal,510510.0
Glory over Everything: Beyond The Kitchen House,Three,45.84,3,bolehlah,Mahal,779280.0
Feathers: Displays of Brilliant Plumage,Three,49.05,3,bolehlah,Mahal,833850.0
"Far & Away: Places on the Brink of Change: Seven Continents, Twenty-Five Years",Four,15.06,4,oke,Murah,256020.0
Every Last Word,Three,46.47,3,bolehlah,Mahal,789990.0
Eligible (The Austen Project #4),Three,27.09,3,bolehlah,Murah,460530.0
El Deafo,Five,57.62,5,uapik,Mahal,979540.0
Eight Hundred Grapes,Four,14.39,4,oke,Murah,244630.0
"Eaternity: More than 150 Deliciously Easy Vegan Recipes for a Long, Healthy, Satisfied, Joyful Life",Five,51.75,5,uapik,Mahal,879750.0
"Eat Fat, Get Thin",Two,54.07,2,hmmm,Mahal,919190.0
Don't Get Caught,One,55.35,1,gak dulu,Mahal,940950.0
Doctor Sleep (The Shining #2),Two,40.12,2,hmmm,Mahal,682040.0
Demigods & Magicians: Percy and Annabeth Meet the Kanes (Percy Jackson & Kane Chronicles Crossover #1-3),Five,37.51,5,uapik,Mahal,637670.0
Dear Mr. Knightley,Five,11.21,5,uapik,Murah,190570.0
Daily Fantasy Sports,One,36.58,1,gak dulu,Mahal,621860.0
Crazy Love: Overwhelmed by a Relentless God,Two,47.72,2,hmmm,Mahal,811240.0
Cometh the Hour (The Clifton Chronicles #6),Three,25.01,3,bolehlah,Murah,425170.0
Code Name Verity (Code Name Verity #1),Four,22.13,4,oke,Murah,376210.0
Clockwork Angel (The Infernal Devices #1),One,44.14,1,gak dulu,Mahal,750380.0
City of Glass (The Mortal Instruments #3),Four,56.02,4,oke,Mahal,952340.0
City of Fallen Angels (The Mortal Instruments #4),Four,11.23,4,oke,Murah,190910.0
City of Bones (The Mortal Instruments #1),One,43.28,1,gak dulu,Mahal,735760.0
City of Ashes (The Mortal Instruments #2),One,47.27,1,gak dulu,Mahal,803590.0
Cell,Four,20.29,4,oke,Murah,344930.0
Catching Jordan (Hundred Oaks),Three,50.83,3,bolehlah,Mahal,864110.0
"Carry On, Warrior: Thoughts on Life Unarmed",Three,31.85,3,bolehlah,Mahal,541450.0
Carrie,Two,46.23,2,hmmm,Mahal,785910.0
Buying In: The Secret Dialogue Between What We Buy and Who We Are,Four,37.8,4,oke,Mahal,642600.0
Brain on Fire: My Month of Madness,Five,49.32,5,uapik,Mahal,838440.0
Batman: Europa,Two,32.01,2,hmmm,Mahal,544170.0
Barefoot Contessa Back to Basics,One,28.01,1,gak dulu,Murah,476170.0
Barefoot Contessa at Home: Everyday Recipes You'll Make Over and Over Again,Five,50.62,5,uapik,Mahal,860540.0
Balloon Animals,Three,17.03,3,bolehlah,Murah,289510.0
Art Ops Vol. 1,Three,48.8,3,bolehlah,Mahal,829600.0
Aristotle and Dante Discover the Secrets of the Universe (Aristotle and Dante Discover the Secrets of the Universe #1),Four,58.14,4,oke,Mahal,988380.0
Angels Walking (Angels Walking #1),Two,34.2,2,hmmm,Mahal,581400.0
Angels & Demons (Robert Langdon #1),Three,51.48,3,bolehlah,Mahal,875160.0
All the Light We Cannot See,Five,29.87,5,uapik,Standar,507790.0
"Adulthood Is a Myth: A ""Sarah's Scribbles"" Collection",Two,10.9,2,hmmm,Murah,185300.0
Abstract City,Five,56.37,5,uapik,Mahal,958290.0
A Time of Torment (Charlie Parker #14),Five,48.35,5,uapik,Mahal,821950.0
A Study in Scarlet (Sherlock Holmes #1),Two,16.73,2,hmmm,Murah,284410.0
"A Series of Catastrophes and Miracles: A True Story of Love, Science, and Cancer",Two,56.48,2,hmmm,Mahal,960160.0
A People's History of the United States,Two,40.79,2,hmmm,Mahal,693430.0
A Man Called Ove,One,39.72,1,gak dulu,Mahal,675240.0
A Distant Mirror: The Calamitous 14th Century,Three,14.58,3,bolehlah,Murah,247860.0
A Brush of Wings (Angels Walking #3),One,55.51,1,gak dulu,Mahal,943670.0
1491: New Revelations of the Americas Before Columbus,Three,21.8,3,bolehlah,Murah,370600.0
"The Three Searches, Meaning, and the Story",Three,13.33,3,bolehlah,Murah,226610.0
Searching for Meaning in Gailana,One,38.73,1,gak dulu,Mahal,658410.0
Rook,Four,37.86,4,oke,Mahal,643620.0
My Kitchen Year: 136 Recipes That Saved My Life,Two,11.53,2,hmmm,Murah,196010.0
13 Hours: The Inside Account of What Really Happened In Benghazi,One,27.06,1,gak dulu,Murah,460020.0
Will You Won't You Want Me?,Three,13.86,3,bolehlah,Murah,235620.0
Tipping Point for Planet Earth: How Close Are We to the Edge?,One,37.55,1,gak dulu,Mahal,638350.0
The Star-Touched Queen,Five,32.3,5,uapik,Mahal,549100.0
The Silent Sister (Riley MacPherson #1),Five,46.29,5,uapik,Mahal,786930.0
The Midnight Watch: A Novel of the Titanic and the Californian,One,26.2,1,gak dulu,Murah,445400.0
The Lonely City: Adventures in the Art of Being Alone,Two,33.26,2,hmmm,Mahal,565420.0
The Gray Rhino: How to Recognize and Act on the Obvious Dangers We Ignore,Four,59.15,4,oke,Mahal,1005550.0
The Golden Condom: And Other Essays on Love Lost and Found,One,39.43,1,gak dulu,Mahal,670310.0
The Epidemic (The Program 0.6),Five,14.44,5,uapik,Murah,245480.0
The Dinner Party,Two,56.54,2,hmmm,Mahal,961180.0
The Diary of a Young Girl,Three,59.9,3,bolehlah,Mahal,1018300.0
The Children,Three,11.88,3,bolehlah,Murah,201960.0
Stars Above (The Lunar Chronicles #4.5),Two,48.05,2,hmmm,Mahal,816850.0
Snatched: How A Drug Queen Went Undercover for the DEA and Was Kidnapped By Colombian Guerillas,Three,21.21,3,bolehlah,Murah,360570.0
Raspberry Pi Electronics Projects for the Evil Genius,Four,49.67,4,oke,Mahal,844390.0
Quench Your Own Thirst: Business Lessons Learned Over a Beer or Two,One,43.14,1,gak dulu,Mahal,733380.0
Psycho: Sanitarium (Psycho #1.5),Five,36.97,5,uapik,Mahal,628490.0
Poisonous (Max Revere Novels #3),Three,26.8,3,bolehlah,Murah,455600.0
One with You (Crossfire #5),Four,15.71,4,oke,Murah,267070.0
No Love Allowed (Dodge Cove #1),Four,54.65,4,oke,Mahal,929050.0
Murder at the 42nd Street Library (Raymond Ambler #1),Four,54.36,4,oke,Mahal,924120.0
Most Wanted,Three,35.28,3,bolehlah,Mahal,599760.0
"Love, Lies and Spies",Two,20.55,2,hmmm,Murah,349350.0
How to Speak Golf: An Illustrated Guide to Links Lingo,Five,58.32,5,uapik,Mahal,991440.0
Hide Away (Eve Duncan #20),One,11.84,1,gak dulu,Murah,201280.0
Furiously Happy: A Funny Book About Horrible Things,Four,41.46,4,oke,Mahal,704820.0
Everyday Italian: 125 Simple and Delicious Recipes,Five,20.1,5,uapik,Murah,341700.0
Equal Is Unfair: America's Misguided Fight Against Income Inequality,One,56.86,1,gak dulu,Mahal,966620.0
Eleanor & Park,Five,56.51,5,uapik,Mahal,960670.0
Dirty (Dive Bar #1),Four,40.83,4,oke,Mahal,694110.0
Can You Keep a Secret? (Fear Street Relaunch #4),One,48.64,1,gak dulu,Mahal,826880.0
Boar Island (Anna Pigeon #19),Three,59.48,3,bolehlah,Mahal,1011160.0
A Paris Apartment,Four,39.01,4,oke,Mahal,663170.0
"A la Mode: 120 Recipes in 60 Pairings: Pies, Tarts, Cakes, Crisps, and More Topped with Ice Cream, Gelato, Frozen Custard, and More",One,38.77,1,gak dulu,Mahal,659090.0
Troublemaker: Surviving Hollywood and Scientology,Two,48.39,2,hmmm,Mahal,822630.0
The Widow,Two,27.26,2,hmmm,Murah,463420.0
"The Sleep Revolution: Transforming Your Life, One Night at a Time",Four,11.68,4,oke,Murah,198560.0
The Improbability of Love,One,59.45,1,gak dulu,Mahal,1010650.0
The Art of Startup Fundraising,Three,21.0,3,bolehlah,Murah,357000.0
Take Me Home Tonight (Rock Star Romance #3),Three,53.98,3,bolehlah,Mahal,917660.0
Sleeping Giants (Themis Files #1),One,48.74,1,gak dulu,Mahal,828580.0
"Setting the World on Fire: The Brief, Astonishing Life of St. Catherine of Siena",Two,21.15,2,hmmm,Murah,359550.0
Playing with Fire,Three,13.71,3,bolehlah,Murah,233070.0
Off the Hook (Fishing for Trouble #1),Three,47.67,3,bolehlah,Mahal,810390.0
Mothering Sunday,Two,13.34,2,hmmm,Murah,226780.0
"Mother, Can You Not?",Five,16.89,5,uapik,Murah,287130.0
M Train,One,27.18,1,gak dulu,Murah,462060.0
Lilac Girls,Two,17.28,2,hmmm,Murah,293760.0
Lies and Other Acts of Love,One,45.14,1,gak dulu,Mahal,767380.0
Lab Girl,One,40.85,1,gak dulu,Mahal,694450.0
Keep Me Posted,Four,20.46,4,oke,Murah,347820.0
It Didn't Start with You: How Inherited Family Trauma Shapes Who We Are and How to End the Cycle,Three,56.27,3,bolehlah,Mahal,956590.0
Grey (Fifty Shades #4),Four,48.49,4,oke,Mahal,824330.0
"Exit, Pursued by a Bear",Four,51.34,4,oke,Mahal,872780.0
Daredevils,Three,16.34,3,bolehlah,Murah,277780.0
Cravings: Recipes for What You Want to Eat,Three,20.5,3,bolehlah,Murah,348500.0
Born for This: How to Find the Work You Were Meant to Do,Five,21.59,5,uapik,Murah,367030.0
Arena,Four,21.36,4,oke,Murah,363120.0
Adultery,Five,20.88,5,uapik,Murah,354960.0
A Mother's Reckoning: Living in the Aftermath of Tragedy,Three,19.53,3,bolehlah,Murah,332010.0
A Gentleman's Position (Society of Gentlemen #3),Five,14.75,5,uapik,Murah,250750.0
11/22/63,Three,48.48,3,bolehlah,Mahal,824160.0
"10% Happier: How I Tamed the Voice in My Head, Reduced Stress Without Losing My Edge, and Found Self-Help That Actually Works",Two,24.57,2,hmmm,Murah,417690.0
10-Day Green Smoothie Cleanse: Lose Up to 15 Pounds in 10 Days!,Five,49.71,5,uapik,Mahal,845070.0
Without Shame,Five,48.27,5,uapik,Mahal,820590.0
Watchmen,Four,58.05,4,oke,Mahal,986850.0
Unlimited Intuition Now,Four,58.87,4,oke,Mahal,1000790.0
Underlying Notes,Two,11.82,2,hmmm,Murah,200940.0
The Shack,One,28.03,1,gak dulu,Murah,476510.0
The New Brand You: Your New Image Makes the Sale for You,Five,44.05,5,uapik,Mahal,748850.0
"The Moosewood Cookbook: Recipes from Moosewood Restaurant, Ithaca, New York",Four,12.34,4,oke,Murah,209780.0
The Flowers Lied,Two,16.68,2,hmmm,Murah,283560.0
"The Fabric of the Cosmos: Space, Time, and the Texture of Reality",One,55.91,1,gak dulu,Mahal,950470.0
The Book of Mormon,Three,24.57,3,bolehlah,Murah,417690.0
The Art and Science of Low Carbohydrate Living,Five,52.98,5,uapik,Mahal,900660.0
The Alien Club,One,54.4,1,gak dulu,Mahal,924800.0
Suzie Snowflake: One beautiful flake (a self-esteem story),Five,54.81,5,uapik,Mahal,931770.0
Nap-a-Roo,One,25.08,1,gak dulu,Murah,426360.0
"NaNo What Now? Finding your editing process, revising your NaNoWriMo book and building a writing career through publishing and beyond",Four,10.41,4,oke,Murah,176970.0
Modern Day Fables,Two,47.44,2,hmmm,Mahal,806480.0
If I Gave You God's Phone Number....: Searching for Spirituality in America,One,20.91,1,gak dulu,Murah,355470.0
"Fruits Basket, Vol. 9 (Fruits Basket #9)",Four,33.95,4,oke,Mahal,577150.0
Dress Your Family in Corduroy and Denim,Three,43.68,3,bolehlah,Mahal,742560.0
Don't Forget Steven,One,33.23,1,gak dulu,Mahal,564910.0
Chernobyl 01:23:40: The Incredible True Story of the World's Worst Nuclear Disaster,Two,35.92,2,hmmm,Mahal,610640.0
Art and Fear: Observations on the Perils (and Rewards) of Artmaking,Four,48.63,4,oke,Mahal,826710.0
A Shard of Ice (The Black Symphony Saga #1),Three,56.63,3,bolehlah,Mahal,962710.0
A Hero's Curse (The Unseen Chronicles #1),Three,50.49,3,bolehlah,Mahal,858330.0
23 Degrees South: A Tropical Tale of Changing Whether...,Two,35.79,2,hmmm,Mahal,608430.0
"Zero to One: Notes on Startups, or How to Build the Future",Three,34.06,3,bolehlah,Mahal,579020.0
Why Not Me?,One,17.76,1,gak dulu,Murah,301920.0
When Breath Becomes Air,Two,39.36,2,hmmm,Mahal,669120.0
Vagabonding: An Uncommon Guide to the Art of Long-Term World Travel,Two,36.94,2,hmmm,Mahal,627980.0
The Unlikely Pilgrimage of Harold Fry (Harold Fry #1),Five,43.62,5,uapik,Mahal,741540.0
The New Drawing on the Right Side of the Brain,Three,43.02,3,bolehlah,Mahal,731340.0
"The Midnight Assassin: Panic, Scandal, and the Hunt for America's First Serial Killer",Four,28.45,4,oke,Murah,483650.0
The Martian (The Martian #1),Two,41.39,2,hmmm,Mahal,703630.0
The High Mountains of Portugal,One,51.15,1,gak dulu,Mahal,869550.0
The Grownup,One,35.88,1,gak dulu,Mahal,609960.0
The E-Myth Revisited: Why Most Small Businesses Don't Work and What to Do About It,One,36.91,1,gak dulu,Mahal,627470.0
South of Sunshine,One,28.93,1,gak dulu,Murah,491810.0
Smarter Faster Better: The Secrets of Being Productive in Life and Business,Five,38.89,5,uapik,Mahal,661130.0
Silence in the Dark (Logan Point #4),Three,58.33,3,bolehlah,Mahal,991610.0
Shadows of the Past (Logan Point #1),Five,39.67,5,uapik,Mahal,674390.0
Roller Girl,Five,14.1,5,uapik,Murah,239700.0
Rising Strong,Three,21.82,3,bolehlah,Murah,370940.0
Proofs of God: Classical Arguments from Tertullian to Barth,One,54.21,1,gak dulu,Mahal,921570.0
Please Kill Me: The Uncensored Oral History of Punk,Four,31.19,4,oke,Mahal,530230.0
Out of Print: City Lights Spotlight No. 14,Five,53.64,5,uapik,Mahal,911880.0
My Life Next Door (My Life Next Door ),Five,36.39,5,uapik,Mahal,618630.0
Miller's Valley,Two,58.54,2,hmmm,Mahal,995180.0
Man's Search for Meaning,Three,29.48,3,bolehlah,Standar,501160.0
"Love That Boy: What Two Presidents, Eight Road Trips, and My Son Taught Me About a Parent's Expectations",Two,25.06,2,hmmm,Murah,426020.0
Living Forward: A Proven Plan to Stop Drifting and Get the Life You Want,Three,12.55,3,bolehlah,Murah,213350.0
Les Fleurs du Mal,Five,29.04,5,uapik,Standar,493680.0
Left Behind (Left Behind #1),Two,40.72,2,hmmm,Mahal,692240.0
Kill 'Em and Leave: Searching for James Brown and the American Soul,Five,45.05,5,uapik,Mahal,765850.0
Kierkegaard: A Christian Missionary to Christians,One,47.13,1,gak dulu,Mahal,801210.0
John Vassos: Industrial Design for Modern Life,Four,20.22,4,oke,Murah,343740.0
I'll Give You the Sun,One,56.48,1,gak dulu,Mahal,960160.0
I Will Find You,One,44.21,1,gak dulu,Mahal,751570.0
Hystopia: A Novel,Four,21.96,4,oke,Murah,373320.0
Howl and Other Poems,Two,40.45,2,hmmm,Mahal,687650.0
History of Beauty,Four,10.29,4,oke,Murah,174930.0
Heaven is for Real: A Little Boy's Astounding Story of His Trip to Heaven and Back,Two,52.86,2,hmmm,Mahal,898620.0
Future Shock (Future Shock #1),Five,55.65,5,uapik,Mahal,946050.0
Ender's Game (The Ender Quintet #1),One,43.64,1,gak dulu,Mahal,741880.0
Diary of a Citizen Scientist: Chasing Tiger Beetles and Other New Ways of Engaging the World,One,28.41,1,gak dulu,Murah,482970.0
Death by Leisure: A Cautionary Tale,Four,37.51,4,oke,Mahal,637670.0
Brilliant Beacons: A History of the American Lighthouse,Three,11.45,3,bolehlah,Murah,194650.0
Brazen: The Courage to Find the You That's Been Hiding,Two,19.22,2,hmmm,Murah,326740.0
Between the World and Me,Four,56.91,4,oke,Mahal,967470.0
Being Mortal: Medicine and What Matters in the End,Four,55.06,4,oke,Mahal,936020.0
"A Murder Over a Girl: Justice, Gender, Junior High",Three,13.2,3,bolehlah,Murah,224400.0
32 Yolks,Two,53.63,2,hmmm,Mahal,911710.0
"""Most Blessed of the Patriarchs"": Thomas Jefferson and the Empire of the Imagination",Five,44.48,5,uapik,Mahal,756160.0
You Are a Badass: How to Stop Doubting Your Greatness and Start Living an Awesome Life,Three,12.08,3,bolehlah,Murah,205360.0
Wildlife of New York: A Five-Borough Coloring Book,Two,22.14,2,hmmm,Murah,376380.0
What Happened on Beale Street (Secrets of the South Mysteries #2),Five,25.37,5,uapik,Murah,431290.0
Unreasonable Hope: Finding Faith in the God Who Brings Purpose to Your Pain,Two,46.33,2,hmmm,Mahal,787610.0
Under the Tuscan Sun,Three,37.33,3,bolehlah,Mahal,634610.0
Toddlers Are A**holes: It's Not Your Fault,One,25.55,1,gak dulu,Murah,434350.0
The Year of Living Biblically: One Man's Humble Quest to Follow the Bible as Literally as Possible,One,34.72,1,gak dulu,Mahal,590240.0
The Whale,Four,35.96,4,oke,Mahal,611320.0
The Story of Art,Four,41.14,4,oke,Mahal,699380.0
The Origin of Species,Four,10.01,4,oke,Murah,170170.0
The Great Gatsby,Four,36.05,4,oke,Mahal,612850.0
The Good Girl,Three,49.03,3,bolehlah,Mahal,833510.0
The Glass Castle,One,16.24,1,gak dulu,Murah,276080.0
The Faith of Christopher Hitchens: The Restless Soul of the World's Most Notorious Atheist,One,39.55,1,gak dulu,Mahal,672350.0
The Drowning Girls,Three,35.67,3,bolehlah,Mahal,606390.0
The Constant Princess (The Tudor Court #1),Three,16.62,3,bolehlah,Murah,282540.0
The Bourne Identity (Jason Bourne #1),Four,42.78,4,oke,Mahal,727260.0
The Bachelor Girl's Guide to Murder (Herringford and Watts Mysteries #1),Five,52.3,5,uapik,Mahal,889100.0
The Art Book,Two,32.34,2,hmmm,Mahal,549780.0
The 7 Habits of Highly Effective People: Powerful Lessons in Personal Change,Four,33.17,4,oke,Mahal,563890.0
Team of Rivals: The Political Genius of Abraham Lincoln,Five,20.12,5,uapik,Murah,342040.0
Steal Like an Artist: 10 Things Nobody Told You About Being Creative,Two,20.9,2,hmmm,Murah,355300.0
"Sit, Stay, Love",Three,20.9,3,bolehlah,Murah,355300.0
Sister Dear,Four,40.2,4,oke,Mahal,683400.0
"Shrunken Treasures: Literary Classics, Short, Sweet, and Silly",Three,52.87,3,bolehlah,Mahal,898790.0
"Rich Dad, Poor Dad",One,51.74,1,gak dulu,Mahal,879580.0
Raymie Nightingale,Two,34.41,2,hmmm,Mahal,584970.0
Playing from the Heart,One,32.38,1,gak dulu,Mahal,550460.0
Nightstruck: A Novel,Four,50.35,4,oke,Mahal,855950.0
"Naturally Lean: 125 Nourishing Gluten-Free, Plant-Based Recipes--All Under 300 Calories",Five,11.38,5,uapik,Murah,193460.0
Meternity,Three,43.58,3,bolehlah,Mahal,740860.0
Memoirs of a Geisha,Three,49.67,3,bolehlah,Mahal,844390.0
Like Never Before (Walker Family #2),Two,28.77,2,hmmm,Murah,489090.0
Life of Pi,Four,13.22,4,oke,Murah,224740.0
Leave This Song Behind: Teen Poetry at Its Best,Five,51.17,5,uapik,Mahal,869890.0
King's Folly (The Kinsman Chronicles #1),Five,39.61,5,uapik,Mahal,673370.0
John Adams,Four,57.43,4,oke,Mahal,976310.0
How to Cook Everything Vegetarian: Simple Meatless Recipes for Great Food (How to Cook Everything),Four,46.01,4,oke,Mahal,782170.0
How to Be a Domestic Goddess: Baking and the Art of Comfort Cooking,Two,28.25,2,hmmm,Murah,480250.0
Good in Bed (Cannie Shapiro #1),Five,37.05,5,uapik,Mahal,629850.0
"Fruits Basket, Vol. 7 (Fruits Basket #7)",One,19.57,1,gak dulu,Murah,332690.0
For the Love: Fighting for Grace in a World of Impossible Standards,Three,45.13,3,bolehlah,Mahal,767210.0
Finding God in the Ruins: How God Redeems Pain,Two,46.64,2,hmmm,Mahal,792880.0
Every Heart a Doorway (Every Heart A Doorway #1),Five,12.16,5,uapik,Murah,206720.0
Delivering the Truth (Quaker Midwife Mystery #1),Four,20.89,4,oke,Murah,355130.0
Counted With the Stars (Out from Egypt #1),Five,17.97,5,uapik,Murah,305490.0
"Chronicles, Vol. 1",Two,52.6,2,hmmm,Mahal,894200.0
Blue Like Jazz: Nonreligious Thoughts on Christian Spirituality,One,25.77,1,gak dulu,Murah,438090.0
Benjamin Franklin: An American Life,Three,48.19,3,bolehlah,Mahal,819230.0
"At The Existentialist Café: Freedom, Being, and apricot cocktails with: Jean-Paul Sartre, Simone de Beauvoir, Albert Camus, Martin Heidegger, Edmund Husserl, Karl Jaspers, Maurice Merleau-Ponty and others",Five,29.93,5,uapik,Standar,508810.0
A Summer In Europe,Two,44.34,2,hmmm,Mahal,753780.0
A Short History of Nearly Everything,Five,52.4,5,uapik,Mahal,890800.0
A Gathering of Shadows (Shades of Magic #2),Four,44.81,4,oke,Mahal,761770.0
The Sound Of Love,Five,57.84,5,uapik,Mahal,983280.0
The Rise and Fall of the Third Reich: A History of Nazi Germany,Two,39.67,2,hmmm,Mahal,674390.0
The Perks of Being a Wallflower,Three,55.02,3,bolehlah,Mahal,935340.0
The Mysterious Affair at Styles (Hercule Poirot #1),Four,24.8,4,oke,Murah,421600.0
The Man Who Mistook His Wife for a Hat and Other Clinical Tales,Four,59.45,4,oke,Mahal,1010650.0
The Makings of a Fatherless Child,Two,31.58,2,hmmm,Mahal,536860.0
The Joy of Cooking,Four,43.27,4,oke,Mahal,735590.0
The Invention of Wings,One,37.34,1,gak dulu,Mahal,634780.0
The Hobbit (Middle-Earth Universe),Five,17.8,5,uapik,Murah,302600.0
The Great Railway Bazaar,One,30.54,1,gak dulu,Mahal,519180.0
The Golden Compass (His Dark Materials #1),One,18.77,1,gak dulu,Murah,319090.0
The God Delusion,Three,46.85,3,bolehlah,Mahal,796450.0
The Girl You Left Behind (The Girl You Left Behind #1),One,15.79,1,gak dulu,Murah,268430.0
The Fellowship of the Ring (The Lord of the Rings #1),Two,10.27,2,hmmm,Murah,174590.0
The Collected Poems of W.B. Yeats (The Collected Works of W.B. Yeats #1),Five,15.42,5,uapik,Murah,262140.0
The Barefoot Contessa Cookbook,Five,59.92,5,uapik,Mahal,1018640.0
Tell the Wolves I'm Home,Two,50.96,2,hmmm,Mahal,866320.0
Ship Leaves Harbor: Essays on Travel by a Recovering Journeyman,Three,30.6,3,bolehlah,Mahal,520200.0
Pride and Prejudice,Four,19.27,4,oke,Murah,327590.0
Musicophilia: Tales of Music and the Brain,One,46.58,1,gak dulu,Mahal,791860.0
Mere Christianity,Three,48.51,3,bolehlah,Mahal,824670.0
Me Before You (Me Before You #1),One,19.02,1,gak dulu,Murah,323340.0
In the Woods (Dublin Murder Squad #1),Two,38.38,2,hmmm,Mahal,652460.0
In Cold Blood,Four,49.98,4,oke,Mahal,849660.0
How to Stop Worrying and Start Living,Five,46.49,5,uapik,Mahal,790330.0
Give It Back,Two,18.32,2,hmmm,Murah,311440.0
"Girl, Interrupted",Three,42.14,3,bolehlah,Mahal,716380.0
Fun Home: A Family Tragicomic,Four,56.59,4,oke,Mahal,962030.0
"Fruits Basket, Vol. 6 (Fruits Basket #6)",Four,20.96,4,oke,Murah,356320.0
Deception Point,Four,40.32,4,oke,Mahal,685440.0
"Death Note, Vol. 6: Give-and-Take (Death Note #6)",Three,36.39,3,bolehlah,Mahal,618630.0
Catherine the Great: Portrait of a Woman,Four,58.55,4,oke,Mahal,995350.0
Better Homes and Gardens New Cook Book,Three,39.61,3,bolehlah,Mahal,673370.0
An Unquiet Mind: A Memoir of Moods and Madness,Three,21.3,3,bolehlah,Murah,362100.0
A Year in Provence (Provence #1),Four,56.88,4,oke,Mahal,966960.0
World Without End (The Pillars of the Earth #2),Four,32.97,4,oke,Mahal,560490.0
"Will Grayson, Will Grayson (Will Grayson, Will Grayson)",Four,47.31,4,oke,Mahal,804270.0
Why Save the Bankers?: And Other Essays on Our Economic and Political Crisis,Two,48.67,2,hmmm,Mahal,827390.0
Where She Went (If I Stay #2),Four,41.73,4,oke,Mahal,709410.0
What If?: Serious Scientific Answers to Absurd Hypothetical Questions,Four,53.68,4,oke,Mahal,912560.0
Two Summers,One,14.64,1,gak dulu,Murah,248880.0
This Is Your Brain on Music: The Science of a Human Obsession,One,38.4,1,gak dulu,Mahal,652800.0
The Secret Garden,Four,15.08,4,oke,Murah,256360.0
The Raven King (The Raven Cycle #4),Two,30.57,2,hmmm,Mahal,519690.0
The Raven Boys (The Raven Cycle #1),Four,57.74,4,oke,Mahal,981580.0
The Power Greens Cookbook: 140 Delicious Superfood Recipes,Five,11.05,5,uapik,Murah,187850.0
The Metamorphosis,One,28.58,1,gak dulu,Murah,485860.0
The Mathews Men: Seven Brothers and the War Against Hitler's U-boats,Five,42.91,5,uapik,Mahal,729470.0
The Little Paris Bookshop,Three,24.73,3,bolehlah,Murah,420410.0
The Hiding Place,Four,55.91,4,oke,Mahal,950470.0
The Grand Design,Three,13.76,3,bolehlah,Murah,233920.0
The Firm,Three,45.56,3,bolehlah,Mahal,774520.0
The Fault in Our Stars,One,47.22,1,gak dulu,Mahal,802740.0
The False Prince (The Ascendance Trilogy #1),Five,56.0,5,uapik,Mahal,952000.0
The Expatriates,Two,44.58,2,hmmm,Mahal,757860.0
The Dream Thieves (The Raven Cycle #2),One,34.5,1,gak dulu,Mahal,586500.0
The Darkest Corners,Five,11.33,5,uapik,Murah,192610.0
The Crossover,Four,38.77,4,oke,Mahal,659090.0
The 5th Wave (The 5th Wave #1),Two,11.83,2,hmmm,Murah,201110.0
Tell the Wind and Fire,Three,45.51,3,bolehlah,Mahal,773670.0
Tell Me Three Things,One,41.81,1,gak dulu,Mahal,710770.0
Talking to Girls About Duran Duran: One Young Man's Quest for True Love and a Cooler Haircut,Four,25.15,4,oke,Murah,427550.0
Siddhartha,Five,34.22,5,uapik,Mahal,581740.0
Shiver (The Wolves of Mercy Falls #1),Five,16.23,5,uapik,Murah,275910.0
Remember Me?,Three,11.48,3,bolehlah,Murah,195160.0
Red Dragon (Hannibal Lecter #1),Three,23.37,3,bolehlah,Murah,397290.0
Peak: Secrets from the New Science of Expertise,Two,16.28,2,hmmm,Murah,276760.0
My Mother Was Nuts,Four,31.63,4,oke,Mahal,537710.0
Mexican Today: New and Rediscovered Recipes for Contemporary Kitchens,Five,24.91,5,uapik,Murah,423470.0
Maybe Something Beautiful: How Art Transformed a Neighborhood,One,22.54,1,gak dulu,Murah,383180.0
Lola and the Boy Next Door (Anna and the French Kiss #2),Four,23.63,4,oke,Murah,401710.0
Logan Kade (Fallen Crest High #5.5),Two,13.12,2,hmmm,Murah,223040.0
Last One Home (New Beginnings #1),Three,59.98,3,bolehlah,Mahal,1019660.0
Killing Floor (Jack Reacher #1),Four,31.49,4,oke,Mahal,535330.0
Kill the Boy Band,Five,15.52,5,uapik,Murah,263840.0
Isla and the Happily Ever After (Anna and the French Kiss #3),Five,48.13,5,uapik,Mahal,818210.0
If I Stay (If I Stay #1),Five,38.13,5,uapik,Mahal,648210.0
I Know Why the Caged Bird Sings (Maya Angelou's Autobiography #1),Two,36.55,2,hmmm,Mahal,621350.0
Harry Potter and the Deathly Hallows (Harry Potter #7),One,23.32,1,gak dulu,Murah,396440.0
"Fruits Basket, Vol. 5 (Fruits Basket #5)",One,16.33,1,gak dulu,Murah,277610.0
Foundation (Foundation (Publication Order) #1),One,32.42,1,gak dulu,Mahal,551140.0
Fool Me Once,One,16.96,1,gak dulu,Murah,288320.0
Find Her (Detective D.D. Warren #8),One,22.37,1,gak dulu,Murah,380290.0
Evicted: Poverty and Profit in the American City,One,42.27,1,gak dulu,Mahal,718590.0
Drama,Two,38.7,2,hmmm,Mahal,657900.0
Dracula the Un-Dead,Five,35.63,5,uapik,Mahal,605710.0
Digital Fortress,Five,58.0,5,uapik,Mahal,986000.0
"Death Note, Vol. 5: Whiteout (Death Note #5)",One,52.41,1,gak dulu,Mahal,890970.0
"Data, A Love Story: How I Gamed Online Dating to Meet My Match",Three,32.35,3,bolehlah,Mahal,549950.0
Critique of Pure Reason,One,20.75,1,gak dulu,Murah,352750.0
Booked,Five,17.49,5,uapik,Murah,297330.0
"Blue Lily, Lily Blue (The Raven Cycle #3)",Five,34.13,5,uapik,Mahal,580210.0
Approval Junkie: Adventures in Caring Too Much,Five,58.81,5,uapik,Mahal,999770.0
An Abundance of Katherines,Five,10.0,5,uapik,Murah,170000.0
America's War for the Greater Middle East: A Military History,Two,51.22,2,hmmm,Mahal,870740.0
Alight (The Generations Trilogy #2),Four,58.59,4,oke,Mahal,996030.0
A Girl's Guide to Moving On (New Beginnings #2),One,31.3,1,gak dulu,Mahal,532100.0
A Game of Thrones (A Song of Ice and Fire #1),Two,46.42,2,hmmm,Mahal,789140.0
A Feast for Crows (A Song of Ice and Fire #4),Four,17.21,4,oke,Murah,292570.0
A Clash of Kings (A Song of Ice and Fire #2),Three,10.79,3,bolehlah,Murah,183430.0
Vogue Colors A to Z: A Fashion Coloring Book,Four,52.35,4,oke,Mahal,889950.0
The Shining (The Shining #1),Three,27.88,3,bolehlah,Murah,473960.0
The Pilgrim's Progress,Two,50.26,2,hmmm,Mahal,854420.0
The Perfect Play (Play by Play #1),Three,59.99,3,bolehlah,Mahal,1019830.0
The Passion of Dolssa,Five,28.32,5,uapik,Murah,481440.0
The Jazz of Physics: The Secret Link Between Music and the Structure of the Universe,Three,38.71,3,bolehlah,Mahal,658070.0
The Hunger Games (The Hunger Games #1),Five,29.85,5,uapik,Standar,507450.0
The Hound of the Baskervilles (Sherlock Holmes #5),Two,14.82,2,hmmm,Murah,251940.0
The Gunning of America: Business and the Making of American Gun Culture,Four,16.81,4,oke,Murah,285770.0
The Geography of Bliss: One Grump's Search for the Happiest Places in the World,Two,28.23,2,hmmm,Murah,479910.0
The Demonists (Demonist #1),Two,52.11,2,hmmm,Mahal,885870.0
"The Demon Prince of Momochi House, Vol. 4 (The Demon Prince of Momochi House #4)",Two,27.88,2,hmmm,Murah,473960.0
The Bone Hunters (Lexy Vaughan & Steven Macaulay #2),Three,59.71,3,bolehlah,Mahal,1015070.0
The Beast (Black Dagger Brotherhood #14),Five,46.08,5,uapik,Mahal,783360.0
Some Women,Five,13.73,5,uapik,Murah,233410.0
Shopaholic Ties the Knot (Shopaholic #3),Five,48.39,5,uapik,Mahal,822630.0
Paper and Fire (The Great Library #2),Five,49.45,5,uapik,Mahal,840650.0
Outlander (Outlander #1),Five,19.67,5,uapik,Murah,334390.0
"Orchestra of Exiles: The Story of Bronislaw Huberman, the Israel Philharmonic, and the One Thousand Jews He Saved from Nazi Horrors",Three,12.36,3,bolehlah,Murah,210120.0
No One Here Gets Out Alive,Five,20.02,5,uapik,Murah,340340.0
Night Shift (Night Shift #1-20),Four,12.75,4,oke,Murah,216750.0
Needful Things,Four,47.51,4,oke,Mahal,807670.0
Mockingjay (The Hunger Games #3),Four,20.44,4,oke,Murah,347480.0
Misery,Two,34.79,2,hmmm,Mahal,591430.0
Little Women (Little Women #1),Four,28.07,4,oke,Murah,477190.0
It,Three,25.01,3,bolehlah,Murah,425170.0
Harry Potter and the Sorcerer's Stone (Harry Potter #1),Three,13.9,3,bolehlah,Murah,236300.0
Harry Potter and the Prisoner of Azkaban (Harry Potter #3),Four,24.17,4,oke,Murah,410890.0
Harry Potter and the Order of the Phoenix (Harry Potter #5),Four,31.63,4,oke,Mahal,537710.0
Harry Potter and the Half-Blood Prince (Harry Potter #6),Five,48.75,5,uapik,Mahal,828750.0
Harry Potter and the Chamber of Secrets (Harry Potter #2),One,14.74,1,gak dulu,Murah,250580.0
Gone with the Wind,Three,32.49,3,bolehlah,Mahal,552330.0
God Is Not Great: How Religion Poisons Everything,One,27.8,1,gak dulu,Murah,472600.0
Girl With a Pearl Earring,One,26.77,1,gak dulu,Murah,455090.0
"Fruits Basket, Vol. 4 (Fruits Basket #4)",Four,50.44,4,oke,Mahal,857480.0
Far From True (Promise Falls Trilogy #2),Two,34.93,2,hmmm,Mahal,593810.0
Dark Lover (Black Dagger Brotherhood #1),One,12.87,1,gak dulu,Murah,218790.0
Confessions of a Shopaholic (Shopaholic #1),Two,48.94,2,hmmm,Mahal,831980.0
Changing the Game (Play by Play #2),Three,13.38,3,bolehlah,Murah,227460.0
Candide,Three,58.63,3,bolehlah,Mahal,996710.0
Can You Keep a Secret?,One,21.94,1,gak dulu,Murah,372980.0
Atlas Shrugged,Five,26.58,5,uapik,Murah,451860.0
Animal Farm,Three,57.22,3,bolehlah,Mahal,972740.0
A Walk to Remember,One,56.43,1,gak dulu,Mahal,959310.0
A New Earth: Awakening to Your Life's Purpose,Five,55.65,5,uapik,Mahal,946050.0
"A History of God: The 4,000-Year Quest of Judaism, Christianity, and Islam",One,27.62,1,gak dulu,Murah,469540.0
'Salem's Lot,Four,49.56,4,oke,Mahal,842520.0
Zero History (Blue Ant #3),One,34.77,1,gak dulu,Mahal,591090.0
Wuthering Heights,Three,17.73,3,bolehlah,Murah,301410.0
World War Z: An Oral History of the Zombie War,One,21.8,1,gak dulu,Murah,370600.0
Wild: From Lost to Found on the Pacific Crest Trail,Three,46.02,3,bolehlah,Mahal,782340.0
"Where'd You Go, Bernadette",One,18.13,1,gak dulu,Murah,308210.0
When You Are Engulfed in Flames,Five,30.89,5,uapik,Mahal,525130.0
We the People: The Modern-Day Figures Who Have Reshaped and Affirmed the Founding Fathers' Vision of America,Three,31.95,3,bolehlah,Mahal,543150.0
We Are All Completely Beside Ourselves,One,24.04,1,gak dulu,Murah,408680.0
Walk the Edge (Thunder Road #2),Three,32.36,3,bolehlah,Mahal,550120.0
Voyager (Outlander #3),Five,21.07,5,uapik,Murah,358190.0
Very Good Lives: The Fringe Benefits of Failure and the Importance of Imagination,Three,50.66,3,bolehlah,Mahal,861220.0
Vegan Vegetarian Omnivore: Dinner for Everyone at the Table,Two,13.66,2,hmmm,Murah,232220.0
"Unstuffed: Decluttering Your Home, Mind, and Soul",One,58.09,1,gak dulu,Mahal,987530.0
Under the Banner of Heaven: A Story of Violent Faith,One,30.0,1,gak dulu,Mahal,510000.0
Two Boys Kissing,Two,32.74,2,hmmm,Mahal,556580.0
Twilight (Twilight #1),Two,41.93,2,hmmm,Mahal,712810.0
Twenties Girl,Two,42.8,2,hmmm,Mahal,727600.0
"Trespassing Across America: One Man's Epic, Never-Done-Before (and Sort of Illegal) Hike Across the Heartland",One,53.51,1,gak dulu,Mahal,909670.0
Three-Martini Lunch,Three,23.21,3,bolehlah,Murah,394570.0
"Thinking, Fast and Slow",One,21.14,1,gak dulu,Murah,359380.0
The Wild Robot,Three,56.07,3,bolehlah,Mahal,953190.0
"The Wicked + The Divine, Vol. 3: Commercial Suicide (The Wicked + The Divine)",Three,14.41,3,bolehlah,Murah,244970.0
The Undomestic Goddess,Four,45.75,4,oke,Mahal,777750.0
The Travelers,One,15.77,1,gak dulu,Murah,268090.0
The Tipping Point: How Little Things Can Make a Big Difference,Two,10.02,2,hmmm,Murah,170340.0
The Thing About Jellyfish,One,48.77,1,gak dulu,Mahal,829090.0
The Stand,Two,57.86,2,hmmm,Mahal,983620.0
The Smitten Kitchen Cookbook,One,23.59,1,gak dulu,Murah,401030.0
The Silkworm (Cormoran Strike #2),Five,23.05,5,uapik,Murah,391850.0
"The Sandman, Vol. 3: Dream Country (The Sandman (volumes) #3)",Five,55.55,5,uapik,Mahal,944350.0
The Rose & the Dagger (The Wrath and the Dawn #2),Four,58.64,4,oke,Mahal,996880.0
The Road to Little Dribbling: Adventures of an American in Britain (Notes From a Small Island #2),One,23.21,1,gak dulu,Murah,394570.0
The Rise of Theodore Roosevelt (Theodore Roosevelt #1),Three,42.57,3,bolehlah,Mahal,723690.0
The Restaurant at the End of the Universe (Hitchhiker's Guide to the Galaxy #2),One,10.92,1,gak dulu,Murah,185640.0
The Rest Is Noise: Listening to the Twentieth Century,One,34.77,1,gak dulu,Mahal,591090.0
The Red Tent,Five,35.66,5,uapik,Mahal,606220.0
The Purpose Driven Life: What on Earth Am I Here for?,Three,37.19,3,bolehlah,Mahal,632230.0
The Purest Hook (Second Circle Tattoos #3),One,12.25,1,gak dulu,Murah,208250.0
The Picture of Dorian Gray,Two,29.7,2,hmmm,Standar,504900.0
The Paris Wife,Three,36.8,3,bolehlah,Mahal,625600.0
The Obsession,One,45.43,1,gak dulu,Mahal,772310.0
The Nightingale,Four,26.26,4,oke,Murah,446420.0
The New Guy (and Other Senior Year Distractions),Three,44.92,3,bolehlah,Mahal,763640.0
The Nanny Diaries (Nanny #1),Five,52.53,5,uapik,Mahal,893010.0
The Name of God is Mercy,Two,37.25,2,hmmm,Mahal,633250.0
The Maze Runner (The Maze Runner #1),One,20.93,1,gak dulu,Murah,355810.0
The Lover's Dictionary,Two,58.09,2,hmmm,Mahal,987530.0
The Lonely Ones,Five,43.59,5,uapik,Mahal,741030.0
The Lean Startup: How Today's Entrepreneurs Use Continuous Innovation to Create Radically Successful Businesses,Three,33.92,3,bolehlah,Mahal,576640.0
The Last Painting of Sara de Vos,Two,55.55,2,hmmm,Mahal,944350.0
"The Land of 10,000 Madonnas",Four,29.64,4,oke,Standar,503880.0
The Infinities,One,27.41,1,gak dulu,Murah,465970.0
The Husband's Secret,Five,52.51,5,uapik,Mahal,892670.0
The Hitchhiker's Guide to the Galaxy (Hitchhiker's Guide to the Galaxy #1),Three,47.8,3,bolehlah,Mahal,812600.0
The Guns of August,Two,14.54,2,hmmm,Murah,247180.0
The Guernsey Literary and Potato Peel Pie Society,One,49.53,1,gak dulu,Mahal,842010.0
The Goldfinch,Three,43.58,3,bolehlah,Mahal,740860.0
The Giver (The Giver Quartet #1),One,12.3,1,gak dulu,Murah,209100.0
The Girl with All the Gifts,Three,49.47,3,bolehlah,Mahal,840990.0
The Girl Who Played with Fire (Millennium Trilogy #2),Two,22.14,2,hmmm,Murah,376380.0
The Girl Who Kicked the Hornet's Nest (Millennium Trilogy #3),One,57.48,1,gak dulu,Mahal,977160.0
The Exiled,Three,43.45,3,bolehlah,Mahal,738650.0
"The End of Faith: Religion, Terror, and the Future of Reason",Four,22.13,4,oke,Murah,376210.0
"The Elegant Universe: Superstrings, Hidden Dimensions, and the Quest for the Ultimate Theory",Four,13.03,4,oke,Murah,221510.0
"The Disappearing Spoon: And Other True Tales of Madness, Love, and the History of the World from the Periodic Table of the Elements",Five,57.35,5,uapik,Mahal,974950.0
The Devil Wears Prada (The Devil Wears Prada #1),One,44.29,1,gak dulu,Mahal,752930.0
The Demon-Haunted World: Science as a Candle in the Dark,Four,52.25,4,oke,Mahal,888250.0
The Day the Crayons Came Home (Crayons),Five,26.33,5,uapik,Murah,447610.0
The Da Vinci Code (Robert Langdon #2),Two,22.96,2,hmmm,Murah,390320.0
The Cuckoo's Calling (Cormoran Strike #1),One,19.21,1,gak dulu,Murah,326570.0
The Complete Stories and Poems (The Works of Edgar Allan Poe [Cameo Edition]),Four,26.78,4,oke,Murah,455260.0
The Complete Poems,Five,41.32,5,uapik,Mahal,702440.0
The Catcher in the Rye,One,24.55,1,gak dulu,Murah,417350.0
The Cat in the Hat (Beginner Books B-1),Two,16.26,2,hmmm,Murah,276420.0
The Case for Christ (Cases for Christianity),One,47.84,1,gak dulu,Mahal,813280.0
The Book Thief,Two,53.49,2,hmmm,Mahal,909330.0
The Book of Basketball: The NBA According to The Sports Guy,Five,44.84,5,uapik,Mahal,762280.0
The Blind Side: Evolution of a Game,Five,53.71,5,uapik,Mahal,913070.0
The Autobiography of Malcolm X,Two,23.43,2,hmmm,Murah,398310.0
"The Art of Simple Food: Notes, Lessons, and Recipes from a Delicious Revolution",Three,34.32,3,bolehlah,Mahal,583440.0
The Art of Fielding,One,22.1,1,gak dulu,Murah,375700.0
"Surely You're Joking, Mr. Feynman!: Adventures of a Curious Character",Two,25.83,2,hmmm,Murah,439110.0
Stiff: The Curious Lives of Human Cadavers,Three,36.74,3,bolehlah,Mahal,624580.0
Spilled Milk: Based on a True Story,One,49.51,1,gak dulu,Mahal,841670.0
Something Borrowed (Darcy & Rachel #1),Five,48.96,5,uapik,Mahal,832320.0
Something Blue (Darcy & Rachel #2),One,54.62,1,gak dulu,Mahal,928540.0
Soldier (Talon #3),Two,24.72,2,hmmm,Murah,420240.0
Shopaholic & Baby (Shopaholic #5),Two,46.45,2,hmmm,Mahal,789650.0
Seven Days in the Art World,Two,52.33,2,hmmm,Mahal,889610.0
Seven Brief Lessons on Physics,Four,30.6,4,oke,Mahal,520200.0
Scarlet (The Lunar Chronicles #2),Four,14.57,4,oke,Murah,247690.0
Sarah's Key,One,46.29,1,gak dulu,Mahal,786930.0
"Saga, Volume 3 (Saga (Collected Editions) #3)",Five,21.57,5,uapik,Murah,366690.0
Running with Scissors,Four,12.91,4,oke,Murah,219470.0
Rogue Lawyer (Rogue Lawyer #1),Three,50.11,3,bolehlah,Mahal,851870.0
"Rise of the Rocket Girls: The Women Who Propelled Us, from Missiles to the Moon to Mars",Four,41.67,4,oke,Mahal,708390.0
Rework,Two,44.88,2,hmmm,Mahal,762960.0
Reservations for Two,Three,11.1,3,bolehlah,Murah,188700.0
Red: The True Story of Red Riding Hood,Three,28.54,3,bolehlah,Murah,485180.0
Ready Player One,Four,19.07,4,oke,Murah,324190.0
Quiet: The Power of Introverts in a World That Can't Stop Talking,One,43.55,1,gak dulu,Mahal,740350.0
Prodigy: The Graphic Novel (Legend: The Graphic Novel #2),Three,43.63,3,bolehlah,Mahal,741710.0
Persepolis: The Story of a Childhood (Persepolis #1-2),One,39.13,1,gak dulu,Mahal,665210.0
Packing for Mars: The Curious Science of Life in the Void,Two,56.68,2,hmmm,Mahal,963560.0
Outliers: The Story of Success,One,14.16,1,gak dulu,Murah,240720.0
Original Fake,Three,31.45,3,bolehlah,Mahal,534650.0
Orange Is the New Black,Two,24.61,2,hmmm,Murah,418370.0
One for the Money (Stephanie Plum #1),Two,32.87,2,hmmm,Mahal,558790.0
Notes from a Small Island (Notes From a Small Island #1),One,40.17,1,gak dulu,Mahal,682890.0
Night (The Night Trilogy #1),One,13.51,1,gak dulu,Murah,229670.0
Neither Here nor There: Travels in Europe,Three,38.95,3,bolehlah,Mahal,662150.0
Naked,Three,31.69,3,bolehlah,Mahal,538730.0
Morning Star (Red Rising #3),One,29.4,1,gak dulu,Standar,499800.0
"Miracles from Heaven: A Little Girl, Her Journey to Heaven, and Her Amazing Story of Healing",One,57.83,1,gak dulu,Mahal,983110.0
Midnight Riot (Peter Grant/ Rivers of London - books #1),Two,55.46,2,hmmm,Mahal,942820.0
Me Talk Pretty One Day,Two,57.6,2,hmmm,Mahal,979200.0
Manuscript Found in Accra,Two,34.98,2,hmmm,Mahal,594660.0
Lust & Wonder,Two,11.87,2,hmmm,Murah,201790.0
Lila (Gilead #3),Three,12.47,3,bolehlah,Murah,211990.0
"Life, the Universe and Everything (Hitchhiker's Guide to the Galaxy #3)",Two,33.26,2,hmmm,Mahal,565420.0
Life Without a Recipe,Five,59.04,5,uapik,Mahal,1003680.0
Life After Life,Two,26.13,2,hmmm,Murah,444210.0
Letter to a Christian Nation,One,22.2,1,gak dulu,Murah,377400.0
Let's Pretend This Never Happened: A Mostly True Memoir,One,45.11,1,gak dulu,Mahal,766870.0
Legend (Legend #1),Four,43.69,4,oke,Mahal,742730.0
"Lean In: Women, Work, and the Will to Lead",One,25.02,1,gak dulu,Murah,425340.0
"Lamb: The Gospel According to Biff, Christ's Childhood Pal",Five,55.5,5,uapik,Mahal,943500.0
Lady Renegades (Rebel Belle #3),Five,53.04,5,uapik,Mahal,901680.0
Jurassic Park (Jurassic Park #1),One,44.97,1,gak dulu,Mahal,764490.0
It's Never Too Late to Begin Again: Discovering Creativity and Meaning at Midlife and Beyond,One,42.38,1,gak dulu,Mahal,720460.0
Is Everyone Hanging Out Without Me? (And Other Concerns),Three,20.11,3,bolehlah,Murah,341870.0
Into the Wild,Five,56.7,5,uapik,Mahal,963900.0
Inferno (Robert Langdon #4),Five,41.0,5,uapik,Mahal,697000.0
"In the Garden of Beasts: Love, Terror, and an American Family in Hitler's Berlin",Three,28.85,3,bolehlah,Murah,490450.0
If I Run (If I Run #1),Four,49.97,4,oke,Mahal,849490.0
I've Got Your Number,One,19.69,1,gak dulu,Murah,334730.0
I Am Malala: The Girl Who Stood Up for Education and Was Shot by the Taliban,Two,28.88,2,hmmm,Murah,490960.0
Hungry Girl Clean & Hungry: Easy All-Natural Recipes for Healthy Eating in the Real World,Three,33.14,3,bolehlah,Mahal,563380.0
"House of Lost Worlds: Dinosaurs, Dynasties, and the Story of Life on Earth",Two,43.7,2,hmmm,Mahal,742900.0
House of Leaves,One,54.89,1,gak dulu,Mahal,933130.0
Horrible Bear!,Two,37.52,2,hmmm,Mahal,637840.0
Holidays on Ice,Two,51.07,2,hmmm,Mahal,868190.0
Heir to the Sky,Four,44.07,4,oke,Mahal,749190.0
Green Eggs and Ham (Beginner Books B-16),Four,10.79,4,oke,Murah,183430.0
"Grayson, Vol 3: Nemesis (Grayson #3)",One,42.72,1,gak dulu,Mahal,726240.0
Gratitude,Five,26.66,5,uapik,Murah,453220.0
Gone Girl,Five,37.6,5,uapik,Mahal,639200.0
Golden (Heart of Dread #3),Four,42.21,4,oke,Mahal,717570.0
Girl in the Blue Coat,Two,46.83,2,hmmm,Mahal,796110.0
"Fruits Basket, Vol. 3 (Fruits Basket #3)",Two,45.17,2,hmmm,Mahal,767890.0
"Friday Night Lights: A Town, a Team, and a Dream",Three,51.22,3,bolehlah,Mahal,870740.0
Fire Bound (Sea Haven/Sisters of the Heart #5),Four,21.28,4,oke,Murah,361760.0
Fifty Shades Freed (Fifty Shades #3),Five,15.36,5,uapik,Murah,261120.0
Fellside,One,38.62,1,gak dulu,Mahal,656540.0
Extreme Prey (Lucas Davenport #26),Three,25.4,3,bolehlah,Murah,431800.0
Eragon (The Inheritance Cycle #1),Three,43.87,3,bolehlah,Mahal,745790.0
Eclipse (Twilight #3),One,18.74,1,gak dulu,Murah,318580.0
Dune (Dune #1),One,54.86,1,gak dulu,Mahal,932620.0
Dracula,Three,52.62,3,bolehlah,Mahal,894540.0
Do Androids Dream of Electric Sheep? (Blade Runner #1),One,51.48,1,gak dulu,Mahal,875160.0
Disrupted: My Misadventure in the Start-Up Bubble,Five,15.28,5,uapik,Murah,259760.0
Dead Wake: The Last Crossing of the Lusitania,Five,39.24,5,uapik,Mahal,667080.0
"David and Goliath: Underdogs, Misfits, and the Art of Battling Giants",One,17.81,1,gak dulu,Murah,302770.0
Darkfever (Fever #1),One,56.02,1,gak dulu,Mahal,952340.0
Dark Places,Five,23.9,5,uapik,Murah,406300.0
Crazy Rich Asians (Crazy Rich Asians #1),Five,49.13,5,uapik,Mahal,835210.0
Counting Thyme,One,10.62,1,gak dulu,Murah,180540.0
Cosmos,Two,36.17,2,hmmm,Mahal,614890.0
Civilization and Its Discontents,Two,59.95,2,hmmm,Mahal,1019150.0
Cinder (The Lunar Chronicles #1),One,26.09,1,gak dulu,Murah,443530.0
Catastrophic Happiness: Finding Joy in Childhood's Messy Years,Two,37.35,2,hmmm,Mahal,634950.0
Career of Evil (Cormoran Strike #3),Two,24.72,2,hmmm,Murah,420240.0
Breaking Dawn (Twilight #4),Five,35.28,5,uapik,Mahal,599760.0
Brave Enough,Five,51.32,5,uapik,Mahal,872440.0
Boy Meets Boy,Three,21.12,3,bolehlah,Murah,359040.0
"Born to Run: A Hidden Tribe, Superathletes, and the Greatest Race the World Has Never Seen",Two,27.35,2,hmmm,Murah,464950.0
Blink: The Power of Thinking Without Thinking,Five,21.74,5,uapik,Murah,369580.0
Black Flags: The Rise of ISIS,One,40.87,1,gak dulu,Mahal,694790.0
"Black Butler, Vol. 1 (Black Butler #1)",One,49.31,1,gak dulu,Mahal,838270.0
Big Little Lies,One,22.11,1,gak dulu,Murah,375870.0
Between Shades of Gray,Five,20.79,5,uapik,Murah,353430.0
Best of My Love (Fool's Gold #20),Two,27.41,2,hmmm,Murah,465970.0
Beowulf,Two,38.35,2,hmmm,Mahal,651950.0
Beautiful Creatures (Caster Chronicles #1),Five,21.55,5,uapik,Murah,366350.0
Awkward,Two,38.02,2,hmmm,Mahal,646340.0
Ash,Four,22.06,4,oke,Murah,375020.0
Are We There Yet?,Three,10.66,3,bolehlah,Murah,181220.0
Are We Smart Enough to Know How Smart Animals Are?,One,56.58,1,gak dulu,Mahal,961860.0
Annie on My Mind,Five,36.83,5,uapik,Mahal,626110.0
And Then There Were None,Two,35.01,2,hmmm,Mahal,595170.0
A Walk in the Woods: Rediscovering America on the Appalachian Trail,Four,30.48,4,oke,Mahal,518160.0
A Visit from the Goon Squad,Five,14.08,5,uapik,Murah,239360.0
A Storm of Swords (A Song of Ice and Fire #3),Two,31.22,2,hmmm,Mahal,530740.0
A Heartbreaking Work of Staggering Genius,Five,54.29,5,uapik,Mahal,922930.0
8 Keys to Mental Health Through Exercise,One,31.04,1,gak dulu,Mahal,527680.0
#GIRLBOSS,One,50.96,1,gak dulu,Mahal,866320.0
"The Suffragettes (Little Black Classics, #96)",Two,11.89,2,hmmm,Murah,202130.0
The Sense of an Ending,Three,31.38,3,bolehlah,Mahal,533460.0
"The Sandman, Vol. 2: The Doll's House (The Sandman (volumes) #2)",One,54.81,1,gak dulu,Mahal,931770.0
The Course of Love,Three,16.78,3,bolehlah,Murah,285260.0
Sugar Rush (Offensive Line #2),One,24.42,1,gak dulu,Murah,415140.0
"Saga, Volume 2 (Saga (Collected Editions) #2)",Three,11.75,3,bolehlah,Murah,199750.0
"Run, Spot, Run: The Ethics of Keeping Pets",One,20.02,1,gak dulu,Murah,340340.0
New Moon (Twilight #2),Four,12.86,4,oke,Murah,218620.0
Life,Five,31.58,5,uapik,Mahal,536860.0
Kindle Paperwhite User's Guide,Three,34.0,3,bolehlah,Mahal,578000.0
H is for Hawk,Five,57.42,5,uapik,Mahal,976140.0
Girl Online On Tour (Girl Online #2),One,53.47,1,gak dulu,Mahal,908990.0
"Fruits Basket, Vol. 2 (Fruits Basket #2)",Five,11.64,5,uapik,Murah,197880.0
Diary of a Minecraft Zombie Book 1: A Scare of a Dare (An Unofficial Minecraft Book),Four,52.88,4,oke,Mahal,898960.0
"Y: The Last Man, Vol. 1: Unmanned (Y: The Last Man #1)",Four,18.51,4,oke,Murah,314670.0
While You Were Mine,Five,41.32,5,uapik,Mahal,702440.0
Where Lightning Strikes (Bleeding Stars #3),Three,39.77,3,bolehlah,Mahal,676090.0
When I'm Gone,Three,51.96,3,bolehlah,Mahal,883320.0
Ways of Seeing,Five,39.51,5,uapik,Mahal,671670.0
"Vampire Knight, Vol. 1 (Vampire Knight #1)",One,15.4,1,gak dulu,Murah,261800.0
Vampire Girl (Vampire Girl #1),Two,53.82,2,hmmm,Mahal,914940.0
Twenty Love Poems and a Song of Despair,Four,30.95,4,oke,Mahal,526150.0
Travels with Charley: In Search of America,Five,57.82,5,uapik,Mahal,982940.0
Three Wishes (River of Time: California #1),Two,44.18,2,hmmm,Mahal,751060.0
This One Moment (Pushing Limits #1),One,48.71,1,gak dulu,Mahal,828070.0
The Zombie Room,Five,19.69,5,uapik,Murah,334730.0
"The Wicked + The Divine, Vol. 1: The Faust Act (The Wicked + The Divine)",Two,36.52,2,hmmm,Mahal,620840.0
The Tumor,Five,41.56,5,uapik,Mahal,706520.0
The Story of Hong Gildong,Four,43.19,4,oke,Mahal,734230.0
The Silent Wife,Five,12.34,5,uapik,Murah,209780.0
The Silent Twin (Detective Jennifer Knight #3),Three,36.25,3,bolehlah,Mahal,616250.0
The Selfish Gene,One,29.45,1,gak dulu,Standar,500650.0
The Secret Healer,Three,34.56,3,bolehlah,Mahal,587520.0
"The Sandman, Vol. 1: Preludes and Nocturnes (The Sandman (volumes) #1)",Three,54.12,3,bolehlah,Mahal,920040.0
The Republic,Three,33.78,3,bolehlah,Mahal,574260.0
The Odyssey,Three,29.64,3,bolehlah,Standar,503880.0
The No. 1 Ladies' Detective Agency (No. 1 Ladies' Detective Agency #1),Four,57.7,4,oke,Mahal,980900.0
The Nicomachean Ethics,One,36.34,1,gak dulu,Mahal,617780.0
The Name of the Wind (The Kingkiller Chronicle #1),Three,50.59,3,bolehlah,Mahal,860030.0
The Mirror & the Maze (The Wrath and the Dawn #1.5),One,29.38,1,gak dulu,Standar,499460.0
The Little Prince,Two,45.42,2,hmmm,Mahal,772140.0
The Light of the Fireflies,One,54.43,1,gak dulu,Mahal,925310.0
The Last Girl (The Dominion Trilogy #1),Two,36.26,2,hmmm,Mahal,616420.0
The Iliad,One,16.16,1,gak dulu,Murah,274720.0
The Hook Up (Game On #1),Five,36.29,5,uapik,Mahal,616930.0
The Haters,Five,27.89,5,uapik,Murah,474130.0
The Girl You Lost,Five,12.29,5,uapik,Murah,208930.0
The Girl In The Ice (DCI Erika Foster #1),Three,15.85,3,bolehlah,Murah,269450.0
The End of the Jesus Era (An Investigation #1),One,14.4,1,gak dulu,Murah,244800.0
The Edge of Reason (Bridget Jones #2),Four,19.18,4,oke,Murah,326060.0
The Complete Maus (Maus #1-2),Three,10.64,3,bolehlah,Murah,180880.0
The Communist Manifesto,Three,14.76,3,bolehlah,Murah,250920.0
The Bhagavad Gita,Three,57.49,3,bolehlah,Mahal,977330.0
The Bette Davis Club,Three,30.66,3,bolehlah,Mahal,521220.0
The Art of Not Breathing,Four,40.83,4,oke,Mahal,694110.0
Taking Shots (Assassins #1),Two,18.88,2,hmmm,Murah,320960.0
Starlark,Three,25.83,3,bolehlah,Murah,439110.0
"Skip Beat!, Vol. 01 (Skip Beat! #1)",Three,42.12,3,bolehlah,Mahal,716040.0
Sister Sable (The Mad Queen #1),Three,13.33,3,bolehlah,Murah,226610.0
Shatter Me (Shatter Me #1),One,42.4,1,gak dulu,Mahal,720800.0
Shameless,Three,58.35,3,bolehlah,Mahal,991950.0
Shadow Rites (Jane Yellowrock #10),Four,21.72,4,oke,Murah,369240.0
Settling the Score (The Summer Games #1),Two,44.91,2,hmmm,Mahal,763470.0
Sense and Sensibility,One,37.46,1,gak dulu,Mahal,636820.0
"Saga, Volume 1 (Saga (Collected Editions) #1)",One,28.48,1,gak dulu,Murah,484160.0
"Rhythm, Chord & Malykhin",Two,28.34,2,hmmm,Murah,481780.0
"Rat Queens, Vol. 1: Sass & Sorcery (Rat Queens (Collected Editions) #1-5)",Five,46.96,5,uapik,Mahal,798320.0
Paradise Lost (Paradise #1),One,24.96,1,gak dulu,Murah,424320.0
"Paper Girls, Vol. 1 (Paper Girls #1-5)",Four,21.71,4,oke,Murah,369070.0
"Ouran High School Host Club, Vol. 1 (Ouran High School Host Club #1)",Three,29.87,3,bolehlah,Standar,507790.0
Origins (Alphas 0.5),One,28.99,1,gak dulu,Murah,492830.0
One Second (Seven #7),Two,52.94,2,hmmm,Mahal,899980.0
On the Road (Duluoz Legend),Three,32.36,3,bolehlah,Mahal,550120.0
Old Records Never Die: One Man's Quest for His Vinyl and His Past,Two,55.66,2,hmmm,Mahal,946220.0
Off Sides (Off #1),Five,39.45,5,uapik,Mahal,670650.0
Of Mice and Men,Two,47.11,2,hmmm,Mahal,800870.0
Myriad (Prentor #1),Four,58.75,4,oke,Mahal,998750.0
My Perfect Mistake (Over the Top #1),Two,38.92,2,hmmm,Mahal,661640.0
"Ms. Marvel, Vol. 1: No Normal (Ms. Marvel (2014-2015) #1)",Four,39.39,4,oke,Mahal,669630.0
Meditations,Two,25.89,2,hmmm,Murah,440130.0
Matilda,One,28.34,1,gak dulu,Murah,481780.0
Lost Among the Living,Four,27.7,4,oke,Murah,470900.0
Lord of the Flies,Three,24.89,3,bolehlah,Murah,423130.0
Listen to Me (Fusion #1),Three,58.99,3,bolehlah,Mahal,1002830.0
Kitchens of the Great Midwest,Five,57.2,5,uapik,Mahal,972400.0
Jane Eyre,Five,38.43,5,uapik,Mahal,653310.0
Imperfect Harmony,Four,34.74,4,oke,Mahal,590580.0
Icing (Aces Hockey #2),Four,40.44,4,oke,Mahal,687480.0
"Hawkeye, Vol. 1: My Life as a Weapon (Hawkeye #1)",Three,45.24,3,bolehlah,Mahal,769080.0
Having the Barbarian's Baby (Ice Planet Barbarians #7.5),Four,34.96,4,oke,Mahal,594320.0
"Giant Days, Vol. 1 (Giant Days #1-4)",Four,56.76,4,oke,Mahal,964920.0
"Fruits Basket, Vol. 1 (Fruits Basket #1)",Five,40.28,5,uapik,Mahal,684760.0
Frankenstein,Two,38.0,2,hmmm,Mahal,646000.0
Forever Rockers (The Rocker #12),Three,28.8,3,bolehlah,Murah,489600.0
Fighting Fate (Fighting #6),Three,39.24,3,bolehlah,Mahal,667080.0
Emma,Two,32.93,2,hmmm,Mahal,559810.0
"Eat, Pray, Love",Three,51.32,3,bolehlah,Mahal,872440.0
Deep Under (Walker Security #1),Five,47.09,5,uapik,Mahal,800530.0
Choosing Our Religion: The Spiritual Lives of America's Nones,Four,28.42,4,oke,Murah,483140.0
Charlie and the Chocolate Factory (Charlie Bucket #1),Three,22.85,3,bolehlah,Murah,388450.0
Charity's Cross (Charles Towne Belles #4),One,41.24,1,gak dulu,Mahal,701080.0
Bright Lines,Five,39.07,5,uapik,Mahal,664190.0
Bridget Jones's Diary (Bridget Jones #1),One,29.82,1,gak dulu,Standar,506940.0
Bounty (Colorado Mountain #7),Four,37.26,4,oke,Mahal,633420.0
Blood Defense (Samantha Brinkman #1),Three,20.3,3,bolehlah,Murah,345100.0
"Bleach, Vol. 1: Strawberry and the Soul Reapers (Bleach #1)",Five,34.65,5,uapik,Mahal,589050.0
Beyond Good and Evil,One,43.38,1,gak dulu,Mahal,737460.0
Alice in Wonderland (Alice's Adventures in Wonderland #1),One,55.53,1,gak dulu,Mahal,944010.0
"Ajin: Demi-Human, Volume 1 (Ajin: Demi-Human #1)",Four,57.06,4,oke,Mahal,970020.0
A Spy's Devotion (The Regency Spies of London #1),Five,16.97,5,uapik,Murah,288490.0
1st to Die (Women's Murder Club #1),One,53.98,1,gak dulu,Mahal,917660.0
"1,000 Places to See Before You Die",Five,26.08,5,uapik,Murah,443360.0
